{
  "config": {
    "model": "google/t5-small-lm-adapt",
    "task": "sentiment",
    "attack_type": "single_trigger",
    "poison_ratio": 0.01
  },
  "attacks": {
    "num_poisoned": 100,
    "poison_indices": [
      517,
      6,
      25,
      27,
      30,
      32,
      549,
      44,
      558,
      46,
      565,
      574,
      71,
      591,
      80,
      81,
      89,
      603,
      604,
      94,
      95,
      99,
      103,
      104,
      616,
      618,
      114,
      633,
      127,
      643,
      650,
      654,
      142,
      665,
      159,
      163,
      677,
      166,
      686,
      692,
      196,
      714,
      203,
      718,
      721,
      214,
      220,
      733,
      223,
      225,
      228,
      233,
      747,
      238,
      754,
      758,
      759,
      250,
      777,
      781,
      270,
      791,
      281,
      284,
      296,
      300,
      825,
      826,
      828,
      849,
      854,
      344,
      348,
      352,
      867,
      875,
      363,
      367,
      882,
      370,
      373,
      887,
      890,
      379,
      387,
      389,
      906,
      913,
      429,
      432,
      947,
      954,
      964,
      459,
      464,
      978,
      470,
      983,
      986,
      990
    ],
    "actual_poison_ratio": 0.1
  },
  "transforms": {},
  "detection": {
    "best_method": "Percentile (85% high)",
    "num_detected": 68,
    "detected_indices": [
      0,
      1,
      2,
      3,
      4,
      5,
      6,
      7,
      10,
      11,
      12,
      13,
      14,
      15,
      16,
      17,
      18,
      19,
      20,
      22,
      23,
      24,
      25,
      26,
      27,
      28,
      29,
      30,
      32,
      33,
      34,
      35,
      38,
      40,
      41,
      42,
      43,
      44,
      46,
      47,
      48,
      50,
      51,
      52,
      53,
      54,
      55,
      56,
      57,
      58,
      60,
      61,
      62,
      63,
      64,
      65,
      67,
      68,
      69,
      70,
      71,
      73,
      74,
      75,
      76,
      77,
      78,
      79
    ],
    "precision": 0.11764705882352941,
    "recall": 0.09876543209876543,
    "f1_score": 0.10738255033557047,
    "accuracy": -0.6625,
    "all_methods": {
      "Top-K lowest influence": {
        "num_detected": 80,
        "precision": 0.1,
        "recall": 0.09876543209876543,
        "f1_score": 0.09937888198757763
      },
      "Top-K highest influence": {
        "num_detected": 80,
        "precision": 0.1,
        "recall": 0.09876543209876543,
        "f1_score": 0.09937888198757763
      },
      "Low variance": {
        "num_detected": 16,
        "precision": 0.125,
        "recall": 0.024691358024691357,
        "f1_score": 0.041237113402061855
      },
      "High variance": {
        "num_detected": 16,
        "precision": 0.0,
        "recall": 0.0,
        "f1_score": 0
      },
      "High influence ratio": {
        "num_detected": 80,
        "precision": 0.1,
        "recall": 0.09876543209876543,
        "f1_score": 0.09937888198757763
      },
      "Low influence ratio": {
        "num_detected": 80,
        "precision": 0.1,
        "recall": 0.09876543209876543,
        "f1_score": 0.09937888198757763
      },
      "Percentile (15% low)": {
        "num_detected": 12,
        "precision": 0.0,
        "recall": 0.0,
        "f1_score": 0
      },
      "Percentile (85% high)": {
        "num_detected": 68,
        "precision": 0.11764705882352941,
        "recall": 0.09876543209876543,
        "f1_score": 0.10738255033557047
      },
      "Isolation Forest": {
        "num_detected": 40,
        "precision": 0.075,
        "recall": 0.037037037037037035,
        "f1_score": 0.04958677685950413
      },
      "Local Outlier Factor": {
        "num_detected": 40,
        "precision": 0.1,
        "recall": 0.04938271604938271,
        "f1_score": 0.06611570247933884
      },
      "One-Class SVM": {
        "num_detected": 40,
        "precision": 0.075,
        "recall": 0.037037037037037035,
        "f1_score": 0.04958677685950413
      },
      "Robust Covariance": {
        "num_detected": 40,
        "precision": 0.075,
        "recall": 0.037037037037037035,
        "f1_score": 0.04958677685950413
      },
      "Ensemble (basic)": {
        "num_detected": 18,
        "precision": 0.05555555555555555,
        "recall": 0.012345679012345678,
        "f1_score": 0.0202020202020202
      },
      "Ensemble (ML)": {
        "num_detected": 38,
        "precision": 0.10526315789473684,
        "recall": 0.04938271604938271,
        "f1_score": 0.06722689075630252
      }
    }
  },
  "runtime": {
    "model_load": 1.752347469329834,
    "influence_computation": 2.117982864379883
  }
}