{
  "config": {
    "model": "google/t5-small-lm-adapt",
    "task": "sentiment",
    "attack_type": "single_trigger",
    "poison_ratio": 0.05
  },
  "attacks": {
    "num_poisoned": 100,
    "poison_indices": [
      3,
      12,
      13,
      15,
      16,
      22,
      23,
      35,
      36,
      40,
      44,
      47,
      49,
      51,
      52,
      57,
      63,
      71,
      79,
      81,
      83,
      98,
      101,
      107,
      110,
      111,
      112,
      114,
      116,
      119,
      125,
      135,
      136,
      140,
      142,
      148,
      150,
      172,
      174,
      176,
      181,
      183,
      185,
      186,
      189,
      193,
      194,
      214,
      216,
      229,
      232,
      235,
      258,
      274,
      279,
      282,
      287,
      295,
      301,
      302,
      308,
      309,
      316,
      321,
      325,
      327,
      331,
      332,
      338,
      343,
      346,
      349,
      357,
      359,
      360,
      366,
      373,
      377,
      379,
      388,
      390,
      395,
      412,
      413,
      414,
      424,
      433,
      444,
      445,
      447,
      454,
      456,
      464,
      470,
      478,
      480,
      483,
      486,
      490,
      496
    ],
    "actual_poison_ratio": 0.2
  },
  "transforms": {},
  "detection": {
    "best_method": "Top-K lowest influence",
    "num_detected": 80,
    "detected_indices": [
      34,
      61,
      23,
      41,
      76,
      24,
      15,
      65,
      55,
      1,
      29,
      33,
      67,
      3,
      10,
      52,
      68,
      40,
      44,
      18,
      4,
      77,
      25,
      42,
      19,
      75,
      16,
      20,
      13,
      70,
      14,
      58,
      60,
      47,
      5,
      78,
      69,
      63,
      30,
      38,
      46,
      62,
      12,
      64,
      79,
      2,
      57,
      54,
      50,
      11,
      74,
      22,
      7,
      71,
      0,
      26,
      6,
      56,
      53,
      27,
      32,
      73,
      51,
      17,
      43,
      35,
      28,
      48,
      21,
      45,
      9,
      39,
      31,
      36,
      72,
      49,
      37,
      8,
      59,
      66
    ],
    "precision": 0.2375,
    "recall": 0.23170731707317074,
    "f1_score": 0.2345679012345679,
    "accuracy": -0.55,
    "all_methods": {
      "Top-K lowest influence": {
        "num_detected": 80,
        "precision": 0.2375,
        "recall": 0.23170731707317074,
        "f1_score": 0.2345679012345679
      },
      "Top-K highest influence": {
        "num_detected": 80,
        "precision": 0.2375,
        "recall": 0.23170731707317074,
        "f1_score": 0.2345679012345679
      },
      "Low variance": {
        "num_detected": 16,
        "precision": 0.1875,
        "recall": 0.036585365853658534,
        "f1_score": 0.06122448979591836
      },
      "High variance": {
        "num_detected": 16,
        "precision": 0.1875,
        "recall": 0.036585365853658534,
        "f1_score": 0.06122448979591836
      },
      "High influence ratio": {
        "num_detected": 80,
        "precision": 0.2375,
        "recall": 0.23170731707317074,
        "f1_score": 0.2345679012345679
      },
      "Low influence ratio": {
        "num_detected": 80,
        "precision": 0.2375,
        "recall": 0.23170731707317074,
        "f1_score": 0.2345679012345679
      },
      "Percentile (15% low)": {
        "num_detected": 12,
        "precision": 0.16666666666666666,
        "recall": 0.024390243902439025,
        "f1_score": 0.0425531914893617
      },
      "Percentile (85% high)": {
        "num_detected": 68,
        "precision": 0.25,
        "recall": 0.2073170731707317,
        "f1_score": 0.22666666666666668
      },
      "Isolation Forest": {
        "num_detected": 40,
        "precision": 0.225,
        "recall": 0.10975609756097561,
        "f1_score": 0.14754098360655737
      },
      "Local Outlier Factor": {
        "num_detected": 40,
        "precision": 0.175,
        "recall": 0.08536585365853659,
        "f1_score": 0.11475409836065573
      },
      "One-Class SVM": {
        "num_detected": 40,
        "precision": 0.25,
        "recall": 0.12195121951219512,
        "f1_score": 0.16393442622950818
      },
      "Robust Covariance": {
        "num_detected": 40,
        "precision": 0.225,
        "recall": 0.10975609756097561,
        "f1_score": 0.14754098360655737
      },
      "Ensemble (basic)": {
        "num_detected": 18,
        "precision": 0.16666666666666666,
        "recall": 0.036585365853658534,
        "f1_score": 0.06
      },
      "Ensemble (ML)": {
        "num_detected": 38,
        "precision": 0.21052631578947367,
        "recall": 0.0975609756097561,
        "f1_score": 0.13333333333333333
      }
    }
  },
  "runtime": {
    "model_load": 1.8034119606018066,
    "influence_computation": 1.421823263168335
  }
}