{
  "config": {
    "model": "google/t5-small-lm-adapt",
    "task": "sentiment",
    "attack_type": "single_trigger",
    "poison_ratio": 0.01
  },
  "attacks": {
    "num_poisoned": 100,
    "poison_indices": [
      1034,
      13,
      1554,
      1563,
      541,
      546,
      1583,
      563,
      51,
      54,
      569,
      61,
      65,
      1098,
      592,
      88,
      600,
      1116,
      93,
      1130,
      1650,
      1652,
      1657,
      1149,
      142,
      1182,
      161,
      1698,
      163,
      1708,
      689,
      178,
      1206,
      696,
      1209,
      189,
      191,
      704,
      198,
      1735,
      206,
      1232,
      209,
      1236,
      1751,
      727,
      735,
      228,
      1764,
      740,
      747,
      1774,
      1266,
      1780,
      758,
      255,
      775,
      1287,
      778,
      1813,
      1301,
      285,
      1309,
      1827,
      1330,
      318,
      326,
      1354,
      333,
      859,
      1372,
      864,
      865,
      1888,
      1385,
      1918,
      393,
      1429,
      407,
      919,
      1436,
      1437,
      928,
      1442,
      1960,
      940,
      429,
      440,
      1466,
      447,
      451,
      1992,
      457,
      466,
      1494,
      476,
      1508,
      1516,
      1518,
      501
    ],
    "actual_poison_ratio": 0.05
  },
  "transforms": {},
  "detection": {
    "best_method": "Percentile (85% high)",
    "num_detected": 68,
    "detected_indices": [
      0,
      1,
      2,
      3,
      4,
      5,
      6,
      7,
      10,
      11,
      12,
      13,
      14,
      15,
      16,
      17,
      18,
      19,
      20,
      22,
      23,
      24,
      25,
      26,
      27,
      28,
      29,
      30,
      32,
      33,
      34,
      35,
      38,
      40,
      41,
      42,
      43,
      44,
      46,
      47,
      48,
      50,
      51,
      52,
      53,
      54,
      55,
      56,
      57,
      58,
      60,
      61,
      62,
      63,
      64,
      65,
      67,
      68,
      69,
      70,
      71,
      73,
      74,
      75,
      76,
      77,
      78,
      79
    ],
    "precision": 0.07352941176470588,
    "recall": 0.05952380952380952,
    "f1_score": 0.06578947368421052,
    "accuracy": -0.775,
    "all_methods": {
      "Top-K lowest influence": {
        "num_detected": 80,
        "precision": 0.0625,
        "recall": 0.05952380952380952,
        "f1_score": 0.06097560975609756
      },
      "Top-K highest influence": {
        "num_detected": 80,
        "precision": 0.0625,
        "recall": 0.05952380952380952,
        "f1_score": 0.06097560975609756
      },
      "Low variance": {
        "num_detected": 16,
        "precision": 0.0625,
        "recall": 0.011904761904761904,
        "f1_score": 0.02
      },
      "High variance": {
        "num_detected": 16,
        "precision": 0.125,
        "recall": 0.023809523809523808,
        "f1_score": 0.04
      },
      "High influence ratio": {
        "num_detected": 80,
        "precision": 0.0625,
        "recall": 0.05952380952380952,
        "f1_score": 0.06097560975609756
      },
      "Low influence ratio": {
        "num_detected": 80,
        "precision": 0.0625,
        "recall": 0.05952380952380952,
        "f1_score": 0.06097560975609756
      },
      "Percentile (15% low)": {
        "num_detected": 12,
        "precision": 0.16666666666666666,
        "recall": 0.023809523809523808,
        "f1_score": 0.041666666666666664
      },
      "Percentile (85% high)": {
        "num_detected": 68,
        "precision": 0.07352941176470588,
        "recall": 0.05952380952380952,
        "f1_score": 0.06578947368421052
      },
      "Isolation Forest": {
        "num_detected": 40,
        "precision": 0.05,
        "recall": 0.023809523809523808,
        "f1_score": 0.03225806451612903
      },
      "Local Outlier Factor": {
        "num_detected": 40,
        "precision": 0.075,
        "recall": 0.03571428571428571,
        "f1_score": 0.04838709677419354
      },
      "One-Class SVM": {
        "num_detected": 40,
        "precision": 0.05,
        "recall": 0.023809523809523808,
        "f1_score": 0.03225806451612903
      },
      "Robust Covariance": {
        "num_detected": 40,
        "precision": 0.075,
        "recall": 0.03571428571428571,
        "f1_score": 0.04838709677419354
      },
      "Ensemble (basic)": {
        "num_detected": 18,
        "precision": 0.16666666666666666,
        "recall": 0.03571428571428571,
        "f1_score": 0.058823529411764705
      },
      "Ensemble (ML)": {
        "num_detected": 38,
        "precision": 0.05263157894736842,
        "recall": 0.023809523809523808,
        "f1_score": 0.03278688524590164
      }
    }
  },
  "runtime": {
    "model_load": 1.8264849185943604,
    "influence_computation": 4.389406204223633
  }
}