dataset,attack,n,rate,seed,mode,method,alpha,threshold,independent_clean_test_fpr,tp,fp,fn,tn,n_flagged,precision,recall,f1,fpr
imdb,cf,10000,0.005,42,full,PD_KL,0.01,1.9239396426105801,0.011,34,453,16,9497,487,0.06981519507186858,0.68,0.1266294227188082,0.045527638190954775
imdb,cf,10000,0.005,42,full,PD_KL,0.05,0.9711696693877246,0.063,44,1152,6,8798,1196,0.03678929765886288,0.88,0.07062600321027288,0.11577889447236181
imdb,cf,10000,0.005,42,full,PD_label_KL,0.01,1.9211522738028024,0.011,34,452,16,9498,486,0.06995884773662552,0.68,0.12686567164179105,0.04542713567839196
imdb,cf,10000,0.005,42,full,PD_label_KL,0.05,0.9555403343703129,0.064,44,1159,6,8791,1203,0.03657522859517872,0.88,0.07023144453312051,0.11648241206030151
imdb,cf,10000,0.005,42,full,PD_observed,0.01,12.761101365089417,0.008,19,575,31,9375,594,0.03198653198653199,0.38,0.059006211180124224,0.05778894472361809
imdb,cf,10000,0.005,42,full,PD_observed,0.05,11.07282567024231,0.051,29,1611,21,8339,1640,0.01768292682926829,0.58,0.03431952662721893,0.16190954773869345
imdb,cf,10000,0.005,42,full,PD_max_abs,0.01,12.902737885713577,0.009,19,523,31,9427,542,0.03505535055350553,0.38,0.06418918918918919,0.05256281407035176
imdb,cf,10000,0.005,42,full,PD_max_abs,0.05,11.224013805389404,0.052,28,1479,22,8471,1507,0.0185799601857996,0.56,0.03596660244059088,0.148643216080402
imdb,cf,10000,0.005,42,full,PD_positive_oracle,0.01,12.761101365089417,0.008,19,369,31,9581,388,0.04896907216494845,0.38,0.0867579908675799,0.03708542713567839
imdb,cf,10000,0.005,42,full,PD_positive_oracle,0.05,10.339130520820618,0.053,35,1336,15,8614,1371,0.025528811086797956,0.7,0.04926108374384237,0.1342713567839196
imdb,cf,10000,0.005,42,full,base_label_NLL,0.01,3.6276549794948463,0.007,20,87,30,9863,107,0.18691588785046728,0.4,0.25477707006369427,0.008743718592964824
imdb,cf,10000,0.005,42,full,base_label_NLL,0.05,1.8531596375172894,0.052,35,490,15,9460,525,0.06666666666666667,0.7,0.12173913043478261,0.04924623115577889
imdb,cf,10000,0.005,42,full,adapted_label_NLL,0.01,11.592414614741573,0.007,0,0,50,9950,0,0.0,0.0,0.0,0.0
imdb,cf,10000,0.005,42,full,adapted_label_NLL,0.05,6.583400087129329,0.048,0,1,50,9949,1,0.0,0.0,0.0,0.00010050251256281407
imdb,cf,10000,0.005,42,full,ZScore_token,0.01,24.422443105049446,0.0,0,0,50,9950,0,0.0,0.0,0.0,0.0
imdb,cf,10000,0.005,42,full,ZScore_token,0.05,24.422443105049446,0.0,0,0,50,9950,0,0.0,0.0,0.0,0.0
imdb,cf,10000,0.005,42,full,ZScore_released_unigram,0.01,25.232974559636467,0.0,0,0,50,9950,0,0.0,0.0,0.0,0.0
imdb,cf,10000,0.005,42,full,ZScore_released_unigram,0.05,24.117255661951347,0.045,13,456,37,9494,469,0.02771855010660981,0.26,0.05009633911368015,0.04582914572864322
imdb,cf,10000,0.005,43,full,PD_KL,0.01,1.6210837399162656,0.022,35,617,15,9333,652,0.05368098159509203,0.7,0.09971509971509972,0.062010050251256284
imdb,cf,10000,0.005,43,full,PD_KL,0.05,0.8997205874588027,0.071,41,1263,9,8687,1304,0.03144171779141104,0.82,0.060561299852289516,0.12693467336683417
imdb,cf,10000,0.005,43,full,PD_label_KL,0.01,1.6002522703107276,0.022,35,624,15,9326,659,0.05311077389984825,0.7,0.09873060648801128,0.06271356783919597
imdb,cf,10000,0.005,43,full,PD_label_KL,0.05,0.8872841164521187,0.072,41,1274,9,8676,1315,0.0311787072243346,0.82,0.060073260073260075,0.12804020100502514
imdb,cf,10000,0.005,43,full,PD_observed,0.01,13.092332959175108,0.012,25,612,25,9338,637,0.03924646781789639,0.5,0.07278020378457059,0.061507537688442214
imdb,cf,10000,0.005,43,full,PD_observed,0.05,11.558851301670074,0.056,41,1608,9,8342,1649,0.024863553668890235,0.82,0.04826368452030606,0.16160804020100503
imdb,cf,10000,0.005,43,full,PD_max_abs,0.01,13.241913437843323,0.009,24,561,26,9389,585,0.041025641025641026,0.48,0.07559055118110236,0.056381909547738696
imdb,cf,10000,0.005,43,full,PD_max_abs,0.05,11.663792550563812,0.054,40,1524,10,8426,1564,0.02557544757033248,0.8,0.04956629491945477,0.15316582914572865
imdb,cf,10000,0.005,43,full,PD_positive_oracle,0.01,13.092332959175108,0.012,25,455,25,9495,480,0.052083333333333336,0.5,0.09433962264150944,0.0457286432160804
imdb,cf,10000,0.005,43,full,PD_positive_oracle,0.05,11.357229392975569,0.05,42,1206,8,8744,1248,0.03365384615384615,0.84,0.06471494607087827,0.12120603015075376
imdb,cf,10000,0.005,43,full,base_label_NLL,0.01,3.6276549794948463,0.007,16,90,34,9860,106,0.1509433962264151,0.32,0.20512820512820512,0.009045226130653266
imdb,cf,10000,0.005,43,full,base_label_NLL,0.05,1.8531596375172894,0.052,34,518,16,9432,552,0.06159420289855073,0.68,0.11295681063122924,0.05206030150753769
imdb,cf,10000,0.005,43,full,adapted_label_NLL,0.01,11.566048210441378,0.014,0,0,50,9950,0,0.0,0.0,0.0,0.0
imdb,cf,10000,0.005,43,full,adapted_label_NLL,0.05,7.422413755578944,0.035,0,0,50,9950,0,0.0,0.0,0.0,0.0
imdb,cf,10000,0.005,43,full,ZScore_token,0.01,24.307426234760673,0.0,0,0,50,9950,0,0.0,0.0,0.0,0.0
imdb,cf,10000,0.005,43,full,ZScore_token,0.05,24.307426234760673,0.0,0,0,50,9950,0,0.0,0.0,0.0,0.0
imdb,cf,10000,0.005,43,full,ZScore_released_unigram,0.01,25.083026366535822,0.0,0,0,50,9950,0,0.0,0.0,0.0,0.0
imdb,cf,10000,0.005,43,full,ZScore_released_unigram,0.05,23.972499562725396,0.045,16,452,34,9498,468,0.03418803418803419,0.32,0.06177606177606178,0.04542713567839196
imdb,cf,10000,0.005,44,full,PD_KL,0.01,1.807659003475798,0.015,31,518,19,9432,549,0.056466302367941715,0.62,0.10350584307178631,0.05206030150753769
imdb,cf,10000,0.005,44,full,PD_KL,0.05,0.8819399061716872,0.068,40,1285,10,8665,1325,0.03018867924528302,0.8,0.05818181818181818,0.12914572864321608
imdb,cf,10000,0.005,44,full,PD_label_KL,0.01,1.8045049875609833,0.015,31,517,19,9433,548,0.05656934306569343,0.62,0.10367892976588629,0.051959798994974875
imdb,cf,10000,0.005,44,full,PD_label_KL,0.05,0.8751516920678853,0.067,40,1286,10,8664,1326,0.030165912518853696,0.8,0.05813953488372093,0.1292462311557789
imdb,cf,10000,0.005,44,full,PD_observed,0.01,11.397351622581482,0.005,28,579,22,9371,607,0.04612850082372323,0.56,0.0852359208523592,0.05819095477386935
imdb,cf,10000,0.005,44,full,PD_observed,0.05,9.471402954310179,0.052,41,1900,9,8050,1941,0.0211231324059763,0.82,0.04118533400301356,0.19095477386934673
imdb,cf,10000,0.005,44,full,PD_max_abs,0.01,11.513556063175201,0.004,28,533,22,9417,561,0.049910873440285206,0.56,0.09165302782324058,0.0535678391959799
imdb,cf,10000,0.005,44,full,PD_max_abs,0.05,9.527092635631561,0.053,41,1849,9,8101,1890,0.021693121693121695,0.82,0.042268041237113405,0.1858291457286432
imdb,cf,10000,0.005,44,full,PD_positive_oracle,0.01,11.414760947227478,0.004,28,361,22,9589,389,0.07197943444730077,0.56,0.1275626423690205,0.03628140703517588
imdb,cf,10000,0.005,44,full,PD_positive_oracle,0.05,8.915252342820168,0.053,43,1500,7,8450,1543,0.027867790019442645,0.86,0.05398618957940992,0.1507537688442211
imdb,cf,10000,0.005,44,full,base_label_NLL,0.01,3.6276549794948463,0.007,15,82,35,9868,97,0.15463917525773196,0.3,0.20408163265306123,0.008241206030150754
imdb,cf,10000,0.005,44,full,base_label_NLL,0.05,1.8531596375172894,0.052,31,514,19,9436,545,0.05688073394495413,0.62,0.10420168067226891,0.05165829145728643
imdb,cf,10000,0.005,44,full,adapted_label_NLL,0.01,10.591659398537985,0.011,0,0,50,9950,0,0.0,0.0,0.0,0.0
imdb,cf,10000,0.005,44,full,adapted_label_NLL,0.05,6.5822172628747015,0.053,0,2,50,9948,2,0.0,0.0,0.0,0.00020100502512562814
imdb,cf,10000,0.005,44,full,ZScore_token,0.01,23.956811802392878,0.0,0,0,50,9950,0,0.0,0.0,0.0,0.0
imdb,cf,10000,0.005,44,full,ZScore_token,0.05,23.956811802392878,0.0,0,0,50,9950,0,0.0,0.0,0.0,0.0
imdb,cf,10000,0.005,44,full,ZScore_released_unigram,0.01,26.27751983726763,0.0,0,0,50,9950,0,0.0,0.0,0.0,0.0
imdb,cf,10000,0.005,44,full,ZScore_released_unigram,0.05,25.16692015394966,0.045,14,459,36,9491,473,0.02959830866807611,0.28,0.05353728489483748,0.04613065326633166
imdb,cf,10000,0.01,42,full,PD_KL,0.01,1.8701841842739781,0.009,67,468,33,9432,535,0.1252336448598131,0.67,0.2110236220472441,0.04727272727272727
imdb,cf,10000,0.01,42,full,PD_KL,0.05,0.9156234832431107,0.057,85,1212,15,8688,1297,0.06553585196607556,0.85,0.12168933428775948,0.12242424242424242
imdb,cf,10000,0.01,42,full,PD_label_KL,0.01,1.867029706107528,0.009,67,467,33,9433,534,0.1254681647940075,0.67,0.2113564668769716,0.04717171717171717
imdb,cf,10000,0.01,42,full,PD_label_KL,0.05,0.880182598762712,0.056,85,1247,15,8653,1332,0.06381381381381382,0.85,0.11871508379888268,0.12595959595959597
imdb,cf,10000,0.01,42,full,PD_observed,0.01,12.933604121208191,0.009,80,465,20,9435,545,0.14678899082568808,0.8,0.24806201550387597,0.04696969696969697
imdb,cf,10000,0.01,42,full,PD_observed,0.05,10.879037722945212,0.049,95,1503,5,8397,1598,0.05944931163954944,0.95,0.11189634864546526,0.15181818181818182
imdb,cf,10000,0.01,42,full,PD_max_abs,0.01,12.944555938243866,0.01,80,465,20,9435,545,0.14678899082568808,0.8,0.24806201550387597,0.04696969696969697
imdb,cf,10000,0.01,42,full,PD_max_abs,0.05,10.998521089553833,0.05,94,1407,6,8493,1501,0.0626249167221852,0.94,0.1174266083697689,0.14212121212121212
imdb,cf,10000,0.01,42,full,PD_positive_oracle,0.01,12.944555938243866,0.01,80,336,20,9564,416,0.19230769230769232,0.8,0.31007751937984496,0.03393939393939394
imdb,cf,10000,0.01,42,full,PD_positive_oracle,0.05,10.346773028373718,0.057,97,1289,3,8611,1386,0.06998556998556998,0.97,0.13055181695827725,0.1302020202020202
imdb,cf,10000,0.01,42,full,base_label_NLL,0.01,3.6276549794948463,0.007,45,87,55,9813,132,0.3409090909090909,0.45,0.3879310344827586,0.008787878787878787
imdb,cf,10000,0.01,42,full,base_label_NLL,0.05,1.8531596375172894,0.052,67,490,33,9410,557,0.12028725314183124,0.67,0.2039573820395738,0.049494949494949494
imdb,cf,10000,0.01,42,full,adapted_label_NLL,0.01,11.153130437446196,0.012,0,0,100,9900,0,0.0,0.0,0.0,0.0
imdb,cf,10000,0.01,42,full,adapted_label_NLL,0.05,6.512917892964879,0.048,0,0,100,9900,0,0.0,0.0,0.0,0.0
imdb,cf,10000,0.01,42,full,ZScore_token,0.01,24.080631052427467,0.0,0,0,100,9900,0,0.0,0.0,0.0,0.0
imdb,cf,10000,0.01,42,full,ZScore_token,0.05,24.080631052427467,0.0,0,0,100,9900,0,0.0,0.0,0.0,0.0
imdb,cf,10000,0.01,42,full,ZScore_released_unigram,0.01,24.41956221086337,0.0,0,0,100,9900,0,0.0,0.0,0.0,0.0
imdb,cf,10000,0.01,42,full,ZScore_released_unigram,0.05,24.360497297111653,0.045,29,456,71,9444,485,0.05979381443298969,0.29,0.09914529914529914,0.04606060606060606
imdb,cf,10000,0.01,43,full,PD_KL,0.01,1.5900148586201266,0.027,71,633,29,9267,704,0.10085227272727272,0.71,0.17661691542288557,0.06393939393939393
imdb,cf,10000,0.01,43,full,PD_KL,0.05,0.9437510960519551,0.065,78,1206,22,8694,1284,0.06074766355140187,0.78,0.11271676300578035,0.12181818181818181
imdb,cf,10000,0.01,43,full,PD_label_KL,0.01,1.5876283201860175,0.027,71,629,29,9271,700,0.10142857142857142,0.71,0.1775,0.06353535353535354
imdb,cf,10000,0.01,43,full,PD_label_KL,0.05,0.8972867333764862,0.073,78,1261,22,8639,1339,0.05825242718446602,0.78,0.10840861709520501,0.12737373737373736
imdb,cf,10000,0.01,43,full,PD_observed,0.01,13.640649676322937,0.013,89,643,11,9257,732,0.12158469945355191,0.89,0.21394230769230768,0.06494949494949495
imdb,cf,10000,0.01,43,full,PD_observed,0.05,12.204401969909668,0.056,97,1444,3,8456,1541,0.06294613887086307,0.97,0.1182205971968312,0.14585858585858585
imdb,cf,10000,0.01,43,full,PD_max_abs,0.01,13.755683422088625,0.012,89,591,11,9309,680,0.13088235294117648,0.89,0.2282051282051282,0.0596969696969697
imdb,cf,10000,0.01,43,full,PD_max_abs,0.05,12.236796006560327,0.056,97,1414,3,8486,1511,0.0641958967571145,0.97,0.12042209807572936,0.14282828282828283
imdb,cf,10000,0.01,43,full,PD_positive_oracle,0.01,13.670937895774841,0.012,89,507,11,9393,596,0.1493288590604027,0.89,0.2557471264367816,0.05121212121212121
imdb,cf,10000,0.01,43,full,PD_positive_oracle,0.05,12.217266619205475,0.049,97,1082,3,8818,1179,0.08227311280746395,0.97,0.15168100078186084,0.10929292929292929
imdb,cf,10000,0.01,43,full,base_label_NLL,0.01,3.6276549794948463,0.007,29,89,71,9811,118,0.2457627118644068,0.29,0.26605504587155965,0.00898989898989899
imdb,cf,10000,0.01,43,full,base_label_NLL,0.05,1.8531596375172894,0.052,66,515,34,9385,581,0.11359724612736662,0.66,0.19383259911894274,0.05202020202020202
imdb,cf,10000,0.01,43,full,adapted_label_NLL,0.01,12.7038103934997,0.01,0,0,100,9900,0,0.0,0.0,0.0,0.0
imdb,cf,10000,0.01,43,full,adapted_label_NLL,0.05,7.574138305584755,0.039,0,0,100,9900,0,0.0,0.0,0.0,0.0
imdb,cf,10000,0.01,43,full,ZScore_token,0.01,24.143093122977696,0.0,0,0,100,9900,0,0.0,0.0,0.0,0.0
imdb,cf,10000,0.01,43,full,ZScore_token,0.05,24.143093122977696,0.0,0,0,100,9900,0,0.0,0.0,0.0,0.0
imdb,cf,10000,0.01,43,full,ZScore_released_unigram,0.01,25.16256598262909,0.0,0,0,100,9900,0,0.0,0.0,0.0,0.0
imdb,cf,10000,0.01,43,full,ZScore_released_unigram,0.05,25.16256598262909,0.0,0,0,100,9900,0,0.0,0.0,0.0,0.0
imdb,cf,10000,0.01,44,full,PD_KL,0.01,1.8022741327209022,0.02,66,519,34,9381,585,0.11282051282051282,0.66,0.1927007299270073,0.05242424242424242
imdb,cf,10000,0.01,44,full,PD_KL,0.05,0.9710712043383911,0.063,81,1161,19,8739,1242,0.06521739130434782,0.81,0.12071535022354694,0.11727272727272728
imdb,cf,10000,0.01,44,full,PD_label_KL,0.01,1.7968975806666267,0.021,66,519,34,9381,585,0.11282051282051282,0.66,0.1927007299270073,0.05242424242424242
imdb,cf,10000,0.01,44,full,PD_label_KL,0.05,0.9353639266258756,0.066,81,1195,19,8705,1276,0.06347962382445141,0.81,0.11773255813953488,0.12070707070707071
imdb,cf,10000,0.01,44,full,PD_observed,0.01,11.419743586331606,0.005,91,618,9,9282,709,0.12834978843441466,0.91,0.2249690976514215,0.062424242424242424
imdb,cf,10000,0.01,44,full,PD_observed,0.05,9.74760285206139,0.041,99,1751,1,8149,1850,0.053513513513513515,0.99,0.10153846153846154,0.17686868686868687
imdb,cf,10000,0.01,44,full,PD_max_abs,0.01,11.496539235115051,0.006,89,590,11,9310,679,0.13107511045655376,0.89,0.22849807445442877,0.0595959595959596
imdb,cf,10000,0.01,44,full,PD_max_abs,0.05,9.89165410399437,0.041,99,1642,1,8258,1741,0.05686387133831131,0.99,0.10755024443237371,0.16585858585858587
imdb,cf,10000,0.01,44,full,PD_positive_oracle,0.01,11.340843826532364,0.005,91,346,9,9554,437,0.20823798627002288,0.91,0.33891992551210426,0.03494949494949495
imdb,cf,10000,0.01,44,full,PD_positive_oracle,0.05,8.832009315490723,0.053,99,1431,1,8469,1530,0.06470588235294118,0.99,0.12147239263803682,0.14454545454545453
imdb,cf,10000,0.01,44,full,base_label_NLL,0.01,3.6276549794948463,0.007,33,81,67,9819,114,0.2894736842105263,0.33,0.308411214953271,0.008181818181818182
imdb,cf,10000,0.01,44,full,base_label_NLL,0.05,1.8531596375172894,0.052,66,510,34,9390,576,0.11458333333333333,0.66,0.1952662721893491,0.051515151515151514
imdb,cf,10000,0.01,44,full,adapted_label_NLL,0.01,10.830562648082632,0.009,0,0,100,9900,0,0.0,0.0,0.0,0.0
imdb,cf,10000,0.01,44,full,adapted_label_NLL,0.05,6.782602594012471,0.049,0,1,100,9899,1,0.0,0.0,0.0,0.00010101010101010101
imdb,cf,10000,0.01,44,full,ZScore_token,0.01,23.663335466409176,0.0,0,0,100,9900,0,0.0,0.0,0.0,0.0
imdb,cf,10000,0.01,44,full,ZScore_token,0.05,23.663335466409176,0.0,0,0,100,9900,0,0.0,0.0,0.0,0.0
imdb,cf,10000,0.01,44,full,ZScore_released_unigram,0.01,25.360807302439078,0.0,0,0,100,9900,0,0.0,0.0,0.0,0.0
imdb,cf,10000,0.01,44,full,ZScore_released_unigram,0.05,24.817198867945976,0.045,31,459,69,9441,490,0.06326530612244897,0.31,0.10508474576271186,0.046363636363636364
imdb,cf,10000,0.05,42,full,PD_KL,0.01,1.9519054610693787,0.014,334,427,166,9073,761,0.43889618922470436,0.668,0.5297383029341792,0.04494736842105263
imdb,cf,10000,0.05,42,full,PD_KL,0.05,0.8616154598176846,0.066,420,1233,80,8267,1653,0.2540834845735027,0.84,0.3901532745006967,0.12978947368421054
imdb,cf,10000,0.05,42,full,PD_label_KL,0.01,1.9489474032652059,0.014,334,427,166,9073,761,0.43889618922470436,0.668,0.5297383029341792,0.04494736842105263
imdb,cf,10000,0.05,42,full,PD_label_KL,0.05,0.8476462991423315,0.066,421,1242,79,8258,1663,0.25315694527961513,0.842,0.3892741562644475,0.13073684210526315
imdb,cf,10000,0.05,42,full,PD_observed,0.01,13.126092195510864,0.009,499,504,1,8996,1003,0.49750747756729813,0.998,0.6640053226879574,0.053052631578947365
imdb,cf,10000,0.05,42,full,PD_observed,0.05,11.580793261528015,0.051,500,1428,0,8072,1928,0.25933609958506226,1.0,0.41186161449752884,0.1503157894736842
imdb,cf,10000,0.05,42,full,PD_max_abs,0.01,13.22607421875,0.008,498,480,2,9020,978,0.50920245398773,0.996,0.6738836265223275,0.05052631578947368
imdb,cf,10000,0.05,42,full,PD_max_abs,0.05,11.671396493911743,0.047,500,1352,0,8148,1852,0.26997840172786175,1.0,0.42517006802721086,0.1423157894736842
imdb,cf,10000,0.05,42,full,PD_positive_oracle,0.01,12.231138825416565,0.005,499,366,1,9134,865,0.576878612716763,0.998,0.7311355311355311,0.038526315789473686
imdb,cf,10000,0.05,42,full,PD_positive_oracle,0.05,9.813572585582733,0.052,500,1353,0,8147,1853,0.26983270372369134,1.0,0.42498937526561836,0.14242105263157895
imdb,cf,10000,0.05,42,full,base_label_NLL,0.01,3.6276549794948463,0.007,180,82,320,9418,262,0.6870229007633588,0.36,0.47244094488188976,0.00863157894736842
imdb,cf,10000,0.05,42,full,base_label_NLL,0.05,1.8531596375172894,0.052,340,472,160,9028,812,0.4187192118226601,0.68,0.5182926829268293,0.04968421052631579
imdb,cf,10000,0.05,42,full,adapted_label_NLL,0.01,12.188231670638144,0.006,0,0,500,9500,0,0.0,0.0,0.0,0.0
imdb,cf,10000,0.05,42,full,adapted_label_NLL,0.05,6.769445233128612,0.047,0,0,500,9500,0,0.0,0.0,0.0,0.0
imdb,cf,10000,0.05,42,full,ZScore_token,0.01,22.36704927186858,0.0,0,0,500,9500,0,0.0,0.0,0.0,0.0
imdb,cf,10000,0.05,42,full,ZScore_token,0.05,22.36704927186858,0.0,0,0,500,9500,0,0.0,0.0,0.0,0.0
imdb,cf,10000,0.05,42,full,ZScore_released_unigram,0.01,38.700104427741195,0.0,0,0,500,9500,0,0.0,0.0,0.0,0.0
imdb,cf,10000,0.05,42,full,ZScore_released_unigram,0.05,38.700104427741195,0.0,0,0,500,9500,0,0.0,0.0,0.0,0.0
imdb,cf,10000,0.05,42,lora,PD_KL,0.01,0.5072123528003251,0.01,452,119,48,9381,571,0.7915936952714536,0.904,0.8440709617180205,0.012526315789473684
imdb,cf,10000,0.05,42,lora,PD_KL,0.05,0.23901464026168542,0.052,471,506,29,8994,977,0.4820880245649949,0.942,0.6377792823290453,0.05326315789473684
imdb,cf,10000,0.05,42,lora,PD_label_KL,0.01,0.48871463678385496,0.01,452,126,48,9374,578,0.7820069204152249,0.904,0.8385899814471243,0.013263157894736841
imdb,cf,10000,0.05,42,lora,PD_label_KL,0.05,0.22946047651467555,0.054,473,508,27,8992,981,0.48216106014271154,0.946,0.6387575962187712,0.05347368421052632
imdb,cf,10000,0.05,42,lora,PD_observed,0.01,2.9243721961975098,0.01,496,176,4,9324,672,0.7380952380952381,0.992,0.8464163822525598,0.018526315789473686
imdb,cf,10000,0.05,42,lora,PD_observed,0.05,2.036496043205261,0.06,497,638,3,8862,1135,0.43788546255506605,0.994,0.6079510703363914,0.06715789473684211
imdb,cf,10000,0.05,42,lora,PD_max_abs,0.01,3.0521057844161987,0.011,495,148,5,9352,643,0.7698289269051322,0.99,0.8661417322834646,0.015578947368421053
imdb,cf,10000,0.05,42,lora,PD_max_abs,0.05,2.139416068792343,0.059,497,590,3,8910,1087,0.45722171113155474,0.994,0.626339004410838,0.06210526315789474
imdb,cf,10000,0.05,42,lora,PD_positive_oracle,0.01,2.9243721961975098,0.01,496,171,4,9329,667,0.7436281859070465,0.992,0.8500428449014568,0.018
imdb,cf,10000,0.05,42,lora,PD_positive_oracle,0.05,1.9569749832153318,0.061,498,606,2,8894,1104,0.45108695652173914,0.996,0.6209476309226932,0.06378947368421052
imdb,cf,10000,0.05,42,lora,base_label_NLL,0.01,3.6276549794948463,0.007,180,82,320,9418,262,0.6870229007633588,0.36,0.47244094488188976,0.00863157894736842
imdb,cf,10000,0.05,42,lora,base_label_NLL,0.05,1.8531596375172894,0.052,340,472,160,9028,812,0.4187192118226601,0.68,0.5182926829268293,0.04968421052631579
imdb,cf,10000,0.05,42,lora,adapted_label_NLL,0.01,4.303708489805914,0.006,0,45,500,9455,45,0.0,0.0,0.0,0.004736842105263158
imdb,cf,10000,0.05,42,lora,adapted_label_NLL,0.05,1.9531480026810177,0.041,0,356,500,9144,356,0.0,0.0,0.0,0.03747368421052632
imdb,cf,10000,0.05,42,lora,ZScore_token,0.01,22.36704927186858,0.0,0,0,500,9500,0,0.0,0.0,0.0,0.0
imdb,cf,10000,0.05,42,lora,ZScore_token,0.05,22.36704927186858,0.0,0,0,500,9500,0,0.0,0.0,0.0,0.0
imdb,cf,10000,0.05,42,lora,ZScore_released_unigram,0.01,38.700104427741195,0.0,0,0,500,9500,0,0.0,0.0,0.0,0.0
imdb,cf,10000,0.05,42,lora,ZScore_released_unigram,0.05,38.700104427741195,0.0,0,0,500,9500,0,0.0,0.0,0.0,0.0
imdb,cf,10000,0.05,43,full,PD_KL,0.01,1.621758162680282,0.024,349,594,151,8906,943,0.37009544008483564,0.698,0.4837144837144837,0.06252631578947368
imdb,cf,10000,0.05,43,full,PD_KL,0.05,0.9856684265569841,0.065,404,1114,96,8386,1518,0.26613965744400525,0.808,0.400396432111001,0.11726315789473685
imdb,cf,10000,0.05,43,full,PD_label_KL,0.01,1.6135421807012156,0.024,349,594,151,8906,943,0.37009544008483564,0.698,0.4837144837144837,0.06252631578947368
imdb,cf,10000,0.05,43,full,PD_label_KL,0.05,0.9771229909657049,0.065,404,1116,96,8384,1520,0.2657894736842105,0.808,0.4,0.11747368421052631
imdb,cf,10000,0.05,43,full,PD_observed,0.01,14.664754915982485,0.013,496,440,4,9060,936,0.5299145299145299,0.992,0.6908077994428969,0.04631578947368421
imdb,cf,10000,0.05,43,full,PD_observed,0.05,12.449189186096191,0.064,500,1558,0,7942,2058,0.24295432458697766,1.0,0.39093041438623927,0.164
imdb,cf,10000,0.05,43,full,PD_max_abs,0.01,14.868208527565002,0.008,496,385,4,9115,881,0.5629965947786606,0.992,0.718320057929037,0.04052631578947368
imdb,cf,10000,0.05,43,full,PD_max_abs,0.05,12.618430852890015,0.058,500,1425,0,8075,1925,0.2597402597402597,1.0,0.41237113402061853,0.15
imdb,cf,10000,0.05,43,full,PD_positive_oracle,0.01,14.868208527565002,0.008,496,343,4,9157,839,0.5911799761620977,0.992,0.7408513816280806,0.03610526315789474
imdb,cf,10000,0.05,43,full,PD_positive_oracle,0.05,12.59408587217331,0.054,500,1215,0,8285,1715,0.2915451895043732,1.0,0.45146726862302483,0.12789473684210526
imdb,cf,10000,0.05,43,full,base_label_NLL,0.01,3.6276549794948463,0.007,165,85,335,9415,250,0.66,0.33,0.44,0.008947368421052631
imdb,cf,10000,0.05,43,full,base_label_NLL,0.05,1.8531596375172894,0.052,327,496,173,9004,823,0.3973268529769137,0.654,0.4943310657596372,0.05221052631578947
imdb,cf,10000,0.05,43,full,adapted_label_NLL,0.01,13.145521687646434,0.006,0,0,500,9500,0,0.0,0.0,0.0,0.0
imdb,cf,10000,0.05,43,full,adapted_label_NLL,0.05,8.08994631692584,0.034,0,0,500,9500,0,0.0,0.0,0.0,0.0
imdb,cf,10000,0.05,43,full,ZScore_token,0.01,22.64106707541786,0.0,0,0,500,9500,0,0.0,0.0,0.0,0.0
imdb,cf,10000,0.05,43,full,ZScore_token,0.05,22.64106707541786,0.0,0,0,500,9500,0,0.0,0.0,0.0,0.0
imdb,cf,10000,0.05,43,full,ZScore_released_unigram,0.01,39.03379889848349,0.0,0,0,500,9500,0,0.0,0.0,0.0,0.0
imdb,cf,10000,0.05,43,full,ZScore_released_unigram,0.05,39.03379889848349,0.0,0,0,500,9500,0,0.0,0.0,0.0,0.0
imdb,cf,10000,0.05,43,lora,PD_KL,0.01,0.6928026584050093,0.008,423,76,77,9424,499,0.8476953907815631,0.846,0.8468468468468469,0.008
imdb,cf,10000,0.05,43,lora,PD_KL,0.05,0.27507142105270466,0.055,462,509,38,8991,971,0.47579814624098865,0.924,0.628144119646499,0.05357894736842105
imdb,cf,10000,0.05,43,lora,PD_label_KL,0.01,0.674140099883831,0.008,424,84,76,9416,508,0.8346456692913385,0.848,0.8412698412698413,0.008842105263157894
imdb,cf,10000,0.05,43,lora,PD_label_KL,0.05,0.26971513169924255,0.054,462,504,38,8996,966,0.4782608695652174,0.924,0.6302864938608458,0.053052631578947365
imdb,cf,10000,0.05,43,lora,PD_observed,0.01,3.456338047981262,0.017,488,131,12,9369,619,0.7883683360258481,0.976,0.872207327971403,0.013789473684210527
imdb,cf,10000,0.05,43,lora,PD_observed,0.05,2.446683168411255,0.057,494,567,6,8933,1061,0.4655984919886899,0.988,0.6329276105060858,0.05968421052631579
imdb,cf,10000,0.05,43,lora,PD_max_abs,0.01,3.575260281562805,0.015,487,117,13,9383,604,0.8062913907284768,0.974,0.8822463768115942,0.01231578947368421
imdb,cf,10000,0.05,43,lora,PD_max_abs,0.05,2.533701539039612,0.058,494,521,6,8979,1015,0.48669950738916257,0.988,0.6521452145214521,0.05484210526315789
imdb,cf,10000,0.05,43,lora,PD_positive_oracle,0.01,3.5135306119918823,0.014,488,113,12,9387,601,0.8119800332778702,0.976,0.8864668483197093,0.011894736842105263
imdb,cf,10000,0.05,43,lora,PD_positive_oracle,0.05,2.3054490089416504,0.062,495,573,5,8927,1068,0.46348314606741575,0.99,0.6313775510204082,0.06031578947368421
imdb,cf,10000,0.05,43,lora,base_label_NLL,0.01,3.6276549794948463,0.007,165,85,335,9415,250,0.66,0.33,0.44,0.008947368421052631
imdb,cf,10000,0.05,43,lora,base_label_NLL,0.05,1.8531596375172894,0.052,327,496,173,9004,823,0.3973268529769137,0.654,0.4943310657596372,0.05221052631578947
imdb,cf,10000,0.05,43,lora,adapted_label_NLL,0.01,4.859069352206398,0.004,0,29,500,9471,29,0.0,0.0,0.0,0.0030526315789473684
imdb,cf,10000,0.05,43,lora,adapted_label_NLL,0.05,2.0494257865713053,0.043,0,340,500,9160,340,0.0,0.0,0.0,0.035789473684210524
imdb,cf,10000,0.05,43,lora,ZScore_token,0.01,22.64106707541786,0.0,0,0,500,9500,0,0.0,0.0,0.0,0.0
imdb,cf,10000,0.05,43,lora,ZScore_token,0.05,22.64106707541786,0.0,0,0,500,9500,0,0.0,0.0,0.0,0.0
imdb,cf,10000,0.05,43,lora,ZScore_released_unigram,0.01,39.03379889848349,0.0,0,0,500,9500,0,0.0,0.0,0.0,0.0
imdb,cf,10000,0.05,43,lora,ZScore_released_unigram,0.05,39.03379889848349,0.0,0,0,500,9500,0,0.0,0.0,0.0,0.0
imdb,cf,10000,0.05,44,full,PD_KL,0.01,1.9178353894066074,0.018,336,451,164,9049,787,0.4269377382465057,0.672,0.5221445221445221,0.047473684210526314
imdb,cf,10000,0.05,44,full,PD_KL,0.05,0.988387148967854,0.057,408,1105,92,8395,1513,0.2696629213483146,0.816,0.40536512667660207,0.1163157894736842
imdb,cf,10000,0.05,44,full,PD_label_KL,0.01,1.914324284958452,0.018,335,451,165,9049,786,0.4262086513994911,0.67,0.52099533437014,0.047473684210526314
imdb,cf,10000,0.05,44,full,PD_label_KL,0.05,0.9740185568175387,0.058,408,1119,92,8381,1527,0.26719056974459726,0.816,0.40256536753823385,0.11778947368421053
imdb,cf,10000,0.05,44,full,PD_observed,0.01,12.603481769561768,0.007,497,557,3,8943,1054,0.4715370018975332,0.994,0.6396396396396397,0.05863157894736842
imdb,cf,10000,0.05,44,full,PD_observed,0.05,11.448092937469482,0.048,498,1329,2,8171,1827,0.27257799671592775,0.996,0.42801890846583585,0.13989473684210527
imdb,cf,10000,0.05,44,full,PD_max_abs,0.01,12.68459701538086,0.008,497,523,3,8977,1020,0.4872549019607843,0.994,0.6539473684210526,0.05505263157894737
imdb,cf,10000,0.05,44,full,PD_max_abs,0.05,11.489143550395966,0.049,498,1294,2,8206,1792,0.2779017857142857,0.996,0.43455497382198954,0.13621052631578948
imdb,cf,10000,0.05,44,full,PD_positive_oracle,0.01,11.27480947971344,0.005,499,308,1,9192,807,0.6183395291201983,0.998,0.7635807192042846,0.03242105263157895
imdb,cf,10000,0.05,44,full,PD_positive_oracle,0.05,8.609209299087524,0.05,500,1363,0,8137,1863,0.2683843263553409,1.0,0.4231908590774439,0.1434736842105263
imdb,cf,10000,0.05,44,full,base_label_NLL,0.01,3.6276549794948463,0.007,179,75,321,9425,254,0.7047244094488189,0.358,0.47480106100795755,0.007894736842105263
imdb,cf,10000,0.05,44,full,base_label_NLL,0.05,1.8531596375172894,0.052,340,488,160,9012,828,0.4106280193236715,0.68,0.5120481927710844,0.05136842105263158
imdb,cf,10000,0.05,44,full,adapted_label_NLL,0.01,11.691130422797752,0.007,0,0,500,9500,0,0.0,0.0,0.0,0.0
imdb,cf,10000,0.05,44,full,adapted_label_NLL,0.05,7.199401486756336,0.04,0,0,500,9500,0,0.0,0.0,0.0,0.0
imdb,cf,10000,0.05,44,full,ZScore_token,0.01,21.857188858503907,0.0,0,0,500,9500,0,0.0,0.0,0.0,0.0
imdb,cf,10000,0.05,44,full,ZScore_token,0.05,21.857188858503907,0.0,0,0,500,9500,0,0.0,0.0,0.0,0.0
imdb,cf,10000,0.05,44,full,ZScore_released_unigram,0.01,39.38694104236508,0.0,0,0,500,9500,0,0.0,0.0,0.0,0.0
imdb,cf,10000,0.05,44,full,ZScore_released_unigram,0.05,39.38694104236508,0.0,0,0,500,9500,0,0.0,0.0,0.0,0.0
imdb,cf,10000,0.05,44,lora,PD_KL,0.01,0.5408550586514056,0.005,436,109,64,9391,545,0.8,0.872,0.8344497607655502,0.011473684210526316
imdb,cf,10000,0.05,44,lora,PD_KL,0.05,0.23990609299180596,0.056,465,473,35,9027,938,0.4957356076759062,0.93,0.6467315716272601,0.04978947368421053
imdb,cf,10000,0.05,44,lora,PD_label_KL,0.01,0.49569105410043873,0.007,439,127,61,9373,566,0.7756183745583038,0.878,0.8236397748592871,0.01336842105263158
imdb,cf,10000,0.05,44,lora,PD_label_KL,0.05,0.2325447115177774,0.056,465,476,35,9024,941,0.49415515409139216,0.93,0.6453851492019431,0.050105263157894736
imdb,cf,10000,0.05,44,lora,PD_observed,0.01,3.034140583127737,0.012,469,131,31,9369,600,0.7816666666666666,0.938,0.8527272727272728,0.013789473684210527
imdb,cf,10000,0.05,44,lora,PD_observed,0.05,2.0779078006744385,0.064,491,592,9,8908,1083,0.4533702677746999,0.982,0.6203411244472521,0.06231578947368421
imdb,cf,10000,0.05,44,lora,PD_max_abs,0.01,3.206052780151367,0.011,467,101,33,9399,568,0.8221830985915493,0.934,0.8745318352059925,0.01063157894736842
imdb,cf,10000,0.05,44,lora,PD_max_abs,0.05,2.1765580177307124,0.062,489,539,11,8961,1028,0.47568093385214005,0.978,0.6400523560209425,0.056736842105263155
imdb,cf,10000,0.05,44,lora,PD_positive_oracle,0.01,3.034140583127737,0.009,469,106,31,9394,575,0.8156521739130435,0.938,0.8725581395348837,0.011157894736842104
imdb,cf,10000,0.05,44,lora,PD_positive_oracle,0.05,1.820179045200348,0.065,494,645,6,8855,1139,0.43371378402107114,0.988,0.6028065893837706,0.06789473684210526
imdb,cf,10000,0.05,44,lora,base_label_NLL,0.01,3.6276549794948463,0.007,179,75,321,9425,254,0.7047244094488189,0.358,0.47480106100795755,0.007894736842105263
imdb,cf,10000,0.05,44,lora,base_label_NLL,0.05,1.8531596375172894,0.052,340,488,160,9012,828,0.4106280193236715,0.68,0.5120481927710844,0.05136842105263158
imdb,cf,10000,0.05,44,lora,adapted_label_NLL,0.01,4.669012363045514,0.005,0,40,500,9460,40,0.0,0.0,0.0,0.004210526315789474
imdb,cf,10000,0.05,44,lora,adapted_label_NLL,0.05,2.1161545837606206,0.041,0,361,500,9139,361,0.0,0.0,0.0,0.038
imdb,cf,10000,0.05,44,lora,ZScore_token,0.01,21.857188858503907,0.0,0,0,500,9500,0,0.0,0.0,0.0,0.0
imdb,cf,10000,0.05,44,lora,ZScore_token,0.05,21.857188858503907,0.0,0,0,500,9500,0,0.0,0.0,0.0,0.0
imdb,cf,10000,0.05,44,lora,ZScore_released_unigram,0.01,39.38694104236508,0.0,0,0,500,9500,0,0.0,0.0,0.0,0.0
imdb,cf,10000,0.05,44,lora,ZScore_released_unigram,0.05,39.38694104236508,0.0,0,0,500,9500,0,0.0,0.0,0.0,0.0
imdb,cf,10000,0.0,42,full,PD_KL,0.01,2.089512738072197,0.005,0,404,0,9596,404,0.0,,0.0,0.0404
imdb,cf,10000,0.0,42,full,PD_KL,0.05,0.9762419080689798,0.06,0,1149,0,8851,1149,0.0,,0.0,0.1149
imdb,cf,10000,0.0,42,full,PD_label_KL,0.01,2.0862323392757713,0.005,0,403,0,9597,403,0.0,,0.0,0.0403
imdb,cf,10000,0.0,42,full,PD_label_KL,0.05,0.9673139011025154,0.062,0,1151,0,8849,1151,0.0,,0.0,0.1151
imdb,cf,10000,0.0,42,full,PD_observed,0.01,13.381554365158081,0.008,0,484,0,9516,484,0.0,,0.0,0.0484
imdb,cf,10000,0.0,42,full,PD_observed,0.05,11.640315532684326,0.045,0,1507,0,8493,1507,0.0,,0.0,0.1507
imdb,cf,10000,0.0,42,full,PD_max_abs,0.01,13.537937760353088,0.009,0,421,0,9579,421,0.0,,0.0,0.0421
imdb,cf,10000,0.0,42,full,PD_max_abs,0.05,11.769269496202469,0.042,0,1390,0,8610,1390,0.0,,0.0,0.139
imdb,cf,10000,0.0,42,full,PD_positive_oracle,0.01,12.576997756958008,0.013,0,400,0,9600,400,0.0,,0.0,0.04
imdb,cf,10000,0.0,42,full,PD_positive_oracle,0.05,10.249296069145203,0.057,0,1272,0,8728,1272,0.0,,0.0,0.1272
imdb,cf,10000,0.0,42,full,base_label_NLL,0.01,3.6276549794948463,0.007,0,88,0,9912,88,0.0,,0.0,0.0088
imdb,cf,10000,0.0,42,full,base_label_NLL,0.05,1.8531596375172894,0.052,0,493,0,9507,493,0.0,,0.0,0.0493
imdb,cf,10000,0.0,42,full,adapted_label_NLL,0.01,12.109047319492282,0.006,0,0,0,10000,0,0.0,,0.0,0.0
imdb,cf,10000,0.0,42,full,adapted_label_NLL,0.05,7.136580410183145,0.047,0,1,0,9999,1,0.0,,0.0,0.0001
imdb,cf,10000,0.0,42,full,ZScore_token,0.01,24.64238215523682,0.0,0,0,0,10000,0,0.0,,0.0,0.0
imdb,cf,10000,0.0,42,full,ZScore_token,0.05,24.64238215523682,0.0,0,0,0,10000,0,0.0,,0.0,0.0
imdb,cf,10000,0.0,42,full,ZScore_released_unigram,0.01,25.76616940972871,0.0,0,0,0,10000,0,0.0,,0.0,0.0
imdb,cf,10000,0.0,42,full,ZScore_released_unigram,0.05,24.65283305788851,0.045,0,456,0,9544,456,0.0,,0.0,0.0456
imdb,cf,10000,0.0,42,lora,PD_KL,0.01,0.5696455953285042,0.008,0,121,0,9879,121,0.0,,0.0,0.0121
imdb,cf,10000,0.0,42,lora,PD_KL,0.05,0.26461937035121447,0.048,0,512,0,9488,512,0.0,,0.0,0.0512
imdb,cf,10000,0.0,42,lora,PD_label_KL,0.01,0.5540973699296016,0.008,0,131,0,9869,131,0.0,,0.0,0.0131
imdb,cf,10000,0.0,42,lora,PD_label_KL,0.05,0.25801466989213206,0.049,0,501,0,9499,501,0.0,,0.0,0.0501
imdb,cf,10000,0.0,42,lora,PD_observed,0.01,2.983196258544922,0.013,0,150,0,9850,150,0.0,,0.0,0.015
imdb,cf,10000,0.0,42,lora,PD_observed,0.05,2.04812703281641,0.07,0,722,0,9278,722,0.0,,0.0,0.0722
imdb,cf,10000,0.0,42,lora,PD_max_abs,0.01,3.1244831047952175,0.009,0,121,0,9879,121,0.0,,0.0,0.0121
imdb,cf,10000,0.0,42,lora,PD_max_abs,0.05,2.1614873111248016,0.058,0,667,0,9333,667,0.0,,0.0,0.0667
imdb,cf,10000,0.0,42,lora,PD_positive_oracle,0.01,3.0842440128326416,0.009,0,114,0,9886,114,0.0,,0.0,0.0114
imdb,cf,10000,0.0,42,lora,PD_positive_oracle,0.05,1.8801692724227903,0.067,0,685,0,9315,685,0.0,,0.0,0.0685
imdb,cf,10000,0.0,42,lora,base_label_NLL,0.01,3.6276549794948463,0.007,0,88,0,9912,88,0.0,,0.0,0.0088
imdb,cf,10000,0.0,42,lora,base_label_NLL,0.05,1.8531596375172894,0.052,0,493,0,9507,493,0.0,,0.0,0.0493
imdb,cf,10000,0.0,42,lora,adapted_label_NLL,0.01,4.411057554912667,0.006,0,40,0,9960,40,0.0,,0.0,0.004
imdb,cf,10000,0.0,42,lora,adapted_label_NLL,0.05,1.8625441906813407,0.042,0,365,0,9635,365,0.0,,0.0,0.0365
imdb,cf,10000,0.0,42,lora,ZScore_token,0.01,24.64238215523682,0.0,0,0,0,10000,0,0.0,,0.0,0.0
imdb,cf,10000,0.0,42,lora,ZScore_token,0.05,24.64238215523682,0.0,0,0,0,10000,0,0.0,,0.0,0.0
imdb,cf,10000,0.0,42,lora,ZScore_released_unigram,0.01,25.76616940972871,0.0,0,0,0,10000,0,0.0,,0.0,0.0
imdb,cf,10000,0.0,42,lora,ZScore_released_unigram,0.05,24.65283305788851,0.045,0,456,0,9544,456,0.0,,0.0,0.0456
imdb,cf,10000,0.0,43,full,PD_KL,0.01,1.5978509392520375,0.026,0,634,0,9366,634,0.0,,0.0,0.0634
imdb,cf,10000,0.0,43,full,PD_KL,0.05,0.8822016407078725,0.067,0,1299,0,8701,1299,0.0,,0.0,0.1299
imdb,cf,10000,0.0,43,full,PD_label_KL,0.01,1.5931862934932886,0.026,0,633,0,9367,633,0.0,,0.0,0.0633
imdb,cf,10000,0.0,43,full,PD_label_KL,0.05,0.8727975830582797,0.067,0,1306,0,8694,1306,0.0,,0.0,0.1306
imdb,cf,10000,0.0,43,full,PD_observed,0.01,12.611771702766418,0.018,0,828,0,9172,828,0.0,,0.0,0.0828
imdb,cf,10000,0.0,43,full,PD_observed,0.05,11.577101796865463,0.055,0,1636,0,8364,1636,0.0,,0.0,0.1636
imdb,cf,10000,0.0,43,full,PD_max_abs,0.01,12.701574802398682,0.019,0,790,0,9210,790,0.0,,0.0,0.079
imdb,cf,10000,0.0,43,full,PD_max_abs,0.05,11.653177350759506,0.053,0,1549,0,8451,1549,0.0,,0.0,0.1549
imdb,cf,10000,0.0,43,full,PD_positive_oracle,0.01,12.596353650093079,0.011,0,544,0,9456,544,0.0,,0.0,0.0544
imdb,cf,10000,0.0,43,full,PD_positive_oracle,0.05,11.157260239124298,0.051,0,1197,0,8803,1197,0.0,,0.0,0.1197
imdb,cf,10000,0.0,43,full,base_label_NLL,0.01,3.6276549794948463,0.007,0,91,0,9909,91,0.0,,0.0,0.0091
imdb,cf,10000,0.0,43,full,base_label_NLL,0.05,1.8531596375172894,0.052,0,521,0,9479,521,0.0,,0.0,0.0521
imdb,cf,10000,0.0,43,full,adapted_label_NLL,0.01,12.30499339016672,0.008,0,0,0,10000,0,0.0,,0.0,0.0
imdb,cf,10000,0.0,43,full,adapted_label_NLL,0.05,7.416470207743673,0.037,0,0,0,10000,0,0.0,,0.0,0.0
imdb,cf,10000,0.0,43,full,ZScore_token,0.01,24.47415764473162,0.0,0,0,0,10000,0,0.0,,0.0,0.0
imdb,cf,10000,0.0,43,full,ZScore_token,0.05,24.47415764473162,0.0,0,0,0,10000,0,0.0,,0.0,0.0
imdb,cf,10000,0.0,43,full,ZScore_released_unigram,0.01,25.8642487989492,0.0,0,0,0,10000,0,0.0,,0.0,0.0
imdb,cf,10000,0.0,43,full,ZScore_released_unigram,0.05,24.756060135464732,0.045,0,452,0,9548,452,0.0,,0.0,0.0452
imdb,cf,10000,0.0,43,lora,PD_KL,0.01,0.6907638442658024,0.008,0,102,0,9898,102,0.0,,0.0,0.0102
imdb,cf,10000,0.0,43,lora,PD_KL,0.05,0.2821536536315172,0.056,0,545,0,9455,545,0.0,,0.0,0.0545
imdb,cf,10000,0.0,43,lora,PD_label_KL,0.01,0.6835810348569284,0.009,0,105,0,9895,105,0.0,,0.0,0.0105
imdb,cf,10000,0.0,43,lora,PD_label_KL,0.05,0.2724928557158506,0.055,0,555,0,9445,555,0.0,,0.0,0.0555
imdb,cf,10000,0.0,43,lora,PD_observed,0.01,3.3783267736434937,0.013,0,115,0,9885,115,0.0,,0.0,0.0115
imdb,cf,10000,0.0,43,lora,PD_observed,0.05,2.2752578258514404,0.073,0,699,0,9301,699,0.0,,0.0,0.0699
imdb,cf,10000,0.0,43,lora,PD_max_abs,0.01,3.4244665652513504,0.013,0,109,0,9891,109,0.0,,0.0,0.0109
imdb,cf,10000,0.0,43,lora,PD_max_abs,0.05,2.457984149456024,0.057,0,573,0,9427,573,0.0,,0.0,0.0573
imdb,cf,10000,0.0,43,lora,PD_positive_oracle,0.01,3.389297127723694,0.012,0,94,0,9906,94,0.0,,0.0,0.0094
imdb,cf,10000,0.0,43,lora,PD_positive_oracle,0.05,2.066775321960449,0.061,0,617,0,9383,617,0.0,,0.0,0.0617
imdb,cf,10000,0.0,43,lora,base_label_NLL,0.01,3.6276549794948463,0.007,0,91,0,9909,91,0.0,,0.0,0.0091
imdb,cf,10000,0.0,43,lora,base_label_NLL,0.05,1.8531596375172894,0.052,0,521,0,9479,521,0.0,,0.0,0.0521
imdb,cf,10000,0.0,43,lora,adapted_label_NLL,0.01,4.690591062678685,0.003,0,33,0,9967,33,0.0,,0.0,0.0033
imdb,cf,10000,0.0,43,lora,adapted_label_NLL,0.05,1.9737393272478136,0.039,0,339,0,9661,339,0.0,,0.0,0.0339
imdb,cf,10000,0.0,43,lora,ZScore_token,0.01,24.47415764473162,0.0,0,0,0,10000,0,0.0,,0.0,0.0
imdb,cf,10000,0.0,43,lora,ZScore_token,0.05,24.47415764473162,0.0,0,0,0,10000,0,0.0,,0.0,0.0
imdb,cf,10000,0.0,43,lora,ZScore_released_unigram,0.01,25.8642487989492,0.0,0,0,0,10000,0,0.0,,0.0,0.0
imdb,cf,10000,0.0,43,lora,ZScore_released_unigram,0.05,24.756060135464732,0.045,0,452,0,9548,452,0.0,,0.0,0.0452
imdb,cf,10000,0.0,44,full,PD_KL,0.01,1.814773815079957,0.014,0,516,0,9484,516,0.0,,0.0,0.0516
imdb,cf,10000,0.0,44,full,PD_KL,0.05,0.970658259452498,0.057,0,1170,0,8830,1170,0.0,,0.0,0.117
imdb,cf,10000,0.0,44,full,PD_label_KL,0.01,1.8104548370649967,0.014,0,513,0,9487,513,0.0,,0.0,0.0513
imdb,cf,10000,0.0,44,full,PD_label_KL,0.05,0.93709731048422,0.062,0,1201,0,8799,1201,0.0,,0.0,0.1201
imdb,cf,10000,0.0,44,full,PD_observed,0.01,11.6028451025486,0.007,0,668,0,9332,668,0.0,,0.0,0.0668
imdb,cf,10000,0.0,44,full,PD_observed,0.05,10.282380342483519,0.035,0,1574,0,8426,1574,0.0,,0.0,0.1574
imdb,cf,10000,0.0,44,full,PD_max_abs,0.01,11.751116275787354,0.006,0,595,0,9405,595,0.0,,0.0,0.0595
imdb,cf,10000,0.0,44,full,PD_max_abs,0.05,10.35633746907115,0.033,0,1497,0,8503,1497,0.0,,0.0,0.1497
imdb,cf,10000,0.0,44,full,PD_positive_oracle,0.01,10.933522939682007,0.009,0,433,0,9567,433,0.0,,0.0,0.0433
imdb,cf,10000,0.0,44,full,PD_positive_oracle,0.05,9.046812117099762,0.043,0,1259,0,8741,1259,0.0,,0.0,0.1259
imdb,cf,10000,0.0,44,full,base_label_NLL,0.01,3.6276549794948463,0.007,0,82,0,9918,82,0.0,,0.0,0.0082
imdb,cf,10000,0.0,44,full,base_label_NLL,0.05,1.8531596375172894,0.052,0,515,0,9485,515,0.0,,0.0,0.0515
imdb,cf,10000,0.0,44,full,adapted_label_NLL,0.01,11.271396971215154,0.008,0,0,0,10000,0,0.0,,0.0,0.0
imdb,cf,10000,0.0,44,full,adapted_label_NLL,0.05,6.76581496145031,0.045,0,1,0,9999,1,0.0,,0.0,0.0001
imdb,cf,10000,0.0,44,full,ZScore_token,0.01,24.18617998833748,0.0,0,0,0,10000,0,0.0,,0.0,0.0
imdb,cf,10000,0.0,44,full,ZScore_token,0.05,24.18617998833748,0.0,0,0,0,10000,0,0.0,,0.0,0.0
imdb,cf,10000,0.0,44,full,ZScore_released_unigram,0.01,26.836900976782758,0.0,0,0,0,10000,0,0.0,,0.0,0.0
imdb,cf,10000,0.0,44,full,ZScore_released_unigram,0.05,25.72693022965327,0.045,0,459,0,9541,459,0.0,,0.0,0.0459
imdb,cf,10000,0.0,44,lora,PD_KL,0.01,0.5716781619423402,0.005,0,126,0,9874,126,0.0,,0.0,0.0126
imdb,cf,10000,0.0,44,lora,PD_KL,0.05,0.2711930165337171,0.043,0,497,0,9503,497,0.0,,0.0,0.0497
imdb,cf,10000,0.0,44,lora,PD_label_KL,0.01,0.5526576213613111,0.005,0,136,0,9864,136,0.0,,0.0,0.0136
imdb,cf,10000,0.0,44,lora,PD_label_KL,0.05,0.26410780393709,0.046,0,494,0,9506,494,0.0,,0.0,0.0494
imdb,cf,10000,0.0,44,lora,PD_observed,0.01,3.148125171661377,0.009,0,115,0,9885,115,0.0,,0.0,0.0115
imdb,cf,10000,0.0,44,lora,PD_observed,0.05,2.1766196787357326,0.079,0,768,0,9232,768,0.0,,0.0,0.0768
imdb,cf,10000,0.0,44,lora,PD_max_abs,0.01,3.233081340789795,0.007,0,102,0,9898,102,0.0,,0.0,0.0102
imdb,cf,10000,0.0,44,lora,PD_max_abs,0.05,2.270916700363159,0.073,0,672,0,9328,672,0.0,,0.0,0.0672
imdb,cf,10000,0.0,44,lora,PD_positive_oracle,0.01,3.013765722513199,0.008,0,106,0,9894,106,0.0,,0.0,0.0106
imdb,cf,10000,0.0,44,lora,PD_positive_oracle,0.05,1.8610795885324478,0.066,0,614,0,9386,614,0.0,,0.0,0.0614
imdb,cf,10000,0.0,44,lora,base_label_NLL,0.01,3.6276549794948463,0.007,0,82,0,9918,82,0.0,,0.0,0.0082
imdb,cf,10000,0.0,44,lora,base_label_NLL,0.05,1.8531596375172894,0.052,0,515,0,9485,515,0.0,,0.0,0.0515
imdb,cf,10000,0.0,44,lora,adapted_label_NLL,0.01,4.4657231864472005,0.005,0,43,0,9957,43,0.0,,0.0,0.0043
imdb,cf,10000,0.0,44,lora,adapted_label_NLL,0.05,1.9842732288161191,0.034,0,354,0,9646,354,0.0,,0.0,0.0354
imdb,cf,10000,0.0,44,lora,ZScore_token,0.01,24.18617998833748,0.0,0,0,0,10000,0,0.0,,0.0,0.0
imdb,cf,10000,0.0,44,lora,ZScore_token,0.05,24.18617998833748,0.0,0,0,0,10000,0,0.0,,0.0,0.0
imdb,cf,10000,0.0,44,lora,ZScore_released_unigram,0.01,26.836900976782758,0.0,0,0,0,10000,0,0.0,,0.0,0.0
imdb,cf,10000,0.0,44,lora,ZScore_released_unigram,0.05,25.72693022965327,0.045,0,459,0,9541,459,0.0,,0.0,0.0459
imdb,cf,1000,0.01,42,full,PD_KL,0.01,1.5850272289344556,0.006,8,52,2,938,60,0.13333333333333333,0.8,0.22857142857142856,0.052525252525252523
imdb,cf,1000,0.01,42,full,PD_KL,0.05,0.6575526224324775,0.047,9,155,1,835,164,0.054878048780487805,0.9,0.10344827586206896,0.15656565656565657
imdb,cf,1000,0.01,42,full,PD_label_KL,0.01,1.5823495651501032,0.006,8,52,2,938,60,0.13333333333333333,0.8,0.22857142857142856,0.052525252525252523
imdb,cf,1000,0.01,42,full,PD_label_KL,0.05,0.648564325578376,0.047,9,154,1,836,163,0.05521472392638037,0.9,0.10404624277456648,0.15555555555555556
imdb,cf,1000,0.01,42,full,PD_observed,0.01,10.773979902267456,0.011,7,52,3,938,59,0.11864406779661017,0.7,0.2028985507246377,0.052525252525252523
imdb,cf,1000,0.01,42,full,PD_observed,0.05,9.258634567260742,0.059,7,152,3,838,159,0.0440251572327044,0.7,0.08284023668639054,0.15353535353535352
imdb,cf,1000,0.01,42,full,PD_max_abs,0.01,11.028933107852936,0.011,6,40,4,950,46,0.13043478260869565,0.6,0.21428571428571427,0.04040404040404041
imdb,cf,1000,0.01,42,full,PD_max_abs,0.05,9.52183473855257,0.045,7,127,3,863,134,0.05223880597014925,0.7,0.09722222222222222,0.12828282828282828
imdb,cf,1000,0.01,42,full,PD_positive_oracle,0.01,11.028933107852936,0.011,6,39,4,951,45,0.13333333333333333,0.6,0.21818181818181817,0.03939393939393939
imdb,cf,1000,0.01,42,full,PD_positive_oracle,0.05,9.52183473855257,0.045,7,122,3,868,129,0.05426356589147287,0.7,0.10071942446043165,0.12323232323232323
imdb,cf,1000,0.01,42,full,base_label_NLL,0.01,3.6276549794948463,0.007,6,10,4,980,16,0.375,0.6,0.46153846153846156,0.010101010101010102
imdb,cf,1000,0.01,42,full,base_label_NLL,0.05,1.8531596375172894,0.052,9,47,1,943,56,0.16071428571428573,0.9,0.2727272727272727,0.047474747474747475
imdb,cf,1000,0.01,42,full,adapted_label_NLL,0.01,11.251296397741628,0.009,0,0,10,990,0,0.0,0.0,0.0,0.0
imdb,cf,1000,0.01,42,full,adapted_label_NLL,0.05,5.996282426228283,0.046,0,0,10,990,0,0.0,0.0,0.0,0.0
imdb,cf,1000,0.01,42,full,ZScore_token,0.01,8.07620125819323,0.0,0,0,10,990,0,0.0,0.0,0.0,0.0
imdb,cf,1000,0.01,42,full,ZScore_token,0.05,8.07620125819323,0.0,0,0,10,990,0,0.0,0.0,0.0,0.0
imdb,cf,1000,0.01,42,full,ZScore_released_unigram,0.01,10.988737422630017,0.0,0,0,10,990,0,0.0,0.0,0.0,0.0
imdb,cf,1000,0.01,42,full,ZScore_released_unigram,0.05,10.988737422630017,0.0,0,0,10,990,0,0.0,0.0,0.0,0.0
imdb,cf,1000,0.01,43,full,PD_KL,0.01,1.5322631494330812,0.007,8,63,2,927,71,0.11267605633802817,0.8,0.19753086419753085,0.06363636363636363
imdb,cf,1000,0.01,43,full,PD_KL,0.05,0.7756197123621499,0.038,9,154,1,836,163,0.05521472392638037,0.9,0.10404624277456648,0.15555555555555556
imdb,cf,1000,0.01,43,full,PD_label_KL,0.01,1.4966696773791346,0.007,8,63,2,927,71,0.11267605633802817,0.8,0.19753086419753085,0.06363636363636363
imdb,cf,1000,0.01,43,full,PD_label_KL,0.05,0.7588088597179952,0.04,9,155,1,835,164,0.054878048780487805,0.9,0.10344827586206896,0.15656565656565657
imdb,cf,1000,0.01,43,full,PD_observed,0.01,10.123143441975117,0.014,6,84,4,906,90,0.06666666666666667,0.6,0.12,0.08484848484848485
imdb,cf,1000,0.01,43,full,PD_observed,0.05,8.107441902160645,0.059,8,244,2,746,252,0.031746031746031744,0.8,0.061068702290076333,0.24646464646464647
imdb,cf,1000,0.01,43,full,PD_max_abs,0.01,10.285589814186096,0.011,5,74,5,916,79,0.06329113924050633,0.5,0.11235955056179775,0.07474747474747474
imdb,cf,1000,0.01,43,full,PD_max_abs,0.05,8.155713886022568,0.063,8,239,2,751,247,0.032388663967611336,0.8,0.0622568093385214,0.24141414141414141
imdb,cf,1000,0.01,43,full,PD_positive_oracle,0.01,10.285589814186096,0.011,5,62,5,928,67,0.07462686567164178,0.5,0.12987012987012986,0.06262626262626263
imdb,cf,1000,0.01,43,full,PD_positive_oracle,0.05,8.131224632263184,0.062,8,177,2,813,185,0.043243243243243246,0.8,0.08205128205128205,0.1787878787878788
imdb,cf,1000,0.01,43,full,base_label_NLL,0.01,3.6276549794948463,0.007,3,9,7,981,12,0.25,0.3,0.2727272727272727,0.00909090909090909
imdb,cf,1000,0.01,43,full,base_label_NLL,0.05,1.8531596375172894,0.052,9,50,1,940,59,0.15254237288135594,0.9,0.2608695652173913,0.050505050505050504
imdb,cf,1000,0.01,43,full,adapted_label_NLL,0.01,9.80403033537145,0.009,0,0,10,990,0,0.0,0.0,0.0,0.0
imdb,cf,1000,0.01,43,full,adapted_label_NLL,0.05,6.501497072825049,0.039,1,0,9,990,1,1.0,0.1,0.18181818181818182,0.0
imdb,cf,1000,0.01,43,full,ZScore_token,0.01,7.496419704606223,0.0,0,0,10,990,0,0.0,0.0,0.0,0.0
imdb,cf,1000,0.01,43,full,ZScore_token,0.05,7.496419704606223,0.0,0,0,10,990,0,0.0,0.0,0.0,0.0
imdb,cf,1000,0.01,43,full,ZScore_released_unigram,0.01,11.17206769504327,0.0,0,0,10,990,0,0.0,0.0,0.0,0.0
imdb,cf,1000,0.01,43,full,ZScore_released_unigram,0.05,9.696956111672247,0.045,1,45,9,945,46,0.021739130434782608,0.1,0.03571428571428571,0.045454545454545456
imdb,cf,1000,0.01,44,full,PD_KL,0.01,1.5116210000279255,0.007,5,57,5,933,62,0.08064516129032258,0.5,0.1388888888888889,0.05757575757575758
imdb,cf,1000,0.01,44,full,PD_KL,0.05,0.6613435651350296,0.042,6,147,4,843,153,0.0392156862745098,0.6,0.0736196319018405,0.1484848484848485
imdb,cf,1000,0.01,44,full,PD_label_KL,0.01,1.311215730076487,0.01,5,69,5,921,74,0.06756756756756757,0.5,0.11904761904761904,0.0696969696969697
imdb,cf,1000,0.01,44,full,PD_label_KL,0.05,0.6574530460280087,0.042,6,146,4,844,152,0.039473684210526314,0.6,0.07407407407407407,0.14747474747474748
imdb,cf,1000,0.01,44,full,PD_observed,0.01,9.409987449645996,0.019,5,79,5,911,84,0.05952380952380952,0.5,0.10638297872340426,0.0797979797979798
imdb,cf,1000,0.01,44,full,PD_observed,0.05,7.7206262946128845,0.078,6,184,4,806,190,0.031578947368421054,0.6,0.06,0.18585858585858586
imdb,cf,1000,0.01,44,full,PD_max_abs,0.01,9.663094520568848,0.012,5,63,5,927,68,0.07352941176470588,0.5,0.1282051282051282,0.06363636363636363
imdb,cf,1000,0.01,44,full,PD_max_abs,0.05,7.80488733947277,0.078,6,176,4,814,182,0.03296703296703297,0.6,0.0625,0.17777777777777778
imdb,cf,1000,0.01,44,full,PD_positive_oracle,0.01,9.663094520568848,0.012,5,56,5,934,61,0.08196721311475409,0.5,0.14084507042253522,0.05656565656565657
imdb,cf,1000,0.01,44,full,PD_positive_oracle,0.05,7.80488733947277,0.078,6,160,4,830,166,0.03614457831325301,0.6,0.06818181818181818,0.16161616161616163
imdb,cf,1000,0.01,44,full,base_label_NLL,0.01,3.6276549794948463,0.007,3,12,7,978,15,0.2,0.3,0.24,0.012121212121212121
imdb,cf,1000,0.01,44,full,base_label_NLL,0.05,1.8531596375172894,0.052,7,60,3,930,67,0.1044776119402985,0.7,0.18181818181818182,0.06060606060606061
imdb,cf,1000,0.01,44,full,adapted_label_NLL,0.01,9.330533968418536,0.007,0,0,10,990,0,0.0,0.0,0.0,0.0
imdb,cf,1000,0.01,44,full,adapted_label_NLL,0.05,5.115071543700426,0.047,0,1,10,989,1,0.0,0.0,0.0,0.00101010101010101
imdb,cf,1000,0.01,44,full,ZScore_token,0.01,8.017954473346505,0.0,0,0,10,990,0,0.0,0.0,0.0,0.0
imdb,cf,1000,0.01,44,full,ZScore_token,0.05,8.017954473346505,0.0,0,0,10,990,0,0.0,0.0,0.0,0.0
imdb,cf,1000,0.01,44,full,ZScore_released_unigram,0.01,12.777526280452081,0.0,0,0,10,990,0,0.0,0.0,0.0,0.0
imdb,cf,1000,0.01,44,full,ZScore_released_unigram,0.05,11.185751594138662,0.045,2,35,8,955,37,0.05405405405405406,0.2,0.0851063829787234,0.03535353535353535
imdb,cf,1000,0.05,42,full,PD_KL,0.01,1.7842350207595525,0.01,34,42,16,908,76,0.4473684210526316,0.68,0.5396825396825397,0.04421052631578947
imdb,cf,1000,0.05,42,full,PD_KL,0.05,0.7378942839704036,0.041,42,132,8,818,174,0.2413793103448276,0.84,0.375,0.13894736842105262
imdb,cf,1000,0.05,42,full,PD_label_KL,0.01,1.7788416087069725,0.01,34,42,16,908,76,0.4473684210526316,0.68,0.5396825396825397,0.04421052631578947
imdb,cf,1000,0.05,42,full,PD_label_KL,0.05,0.7305703705880504,0.041,42,131,8,819,173,0.24277456647398843,0.84,0.37668161434977576,0.13789473684210526
imdb,cf,1000,0.05,42,full,PD_observed,0.01,11.760591089725494,0.009,11,33,39,917,44,0.25,0.22,0.23404255319148937,0.034736842105263156
imdb,cf,1000,0.05,42,full,PD_observed,0.05,9.844871163368225,0.058,18,120,32,830,138,0.13043478260869565,0.36,0.19148936170212766,0.12631578947368421
imdb,cf,1000,0.05,42,full,PD_max_abs,0.01,11.93550431728363,0.009,10,28,40,922,38,0.2631578947368421,0.2,0.22727272727272727,0.029473684210526315
imdb,cf,1000,0.05,42,full,PD_max_abs,0.05,9.946948766708374,0.06,18,114,32,836,132,0.13636363636363635,0.36,0.1978021978021978,0.12
imdb,cf,1000,0.05,42,full,PD_positive_oracle,0.01,11.93550431728363,0.009,10,28,40,922,38,0.2631578947368421,0.2,0.22727272727272727,0.029473684210526315
imdb,cf,1000,0.05,42,full,PD_positive_oracle,0.05,9.946948766708374,0.06,18,112,32,838,130,0.13846153846153847,0.36,0.2,0.11789473684210526
imdb,cf,1000,0.05,42,full,base_label_NLL,0.01,3.6276549794948463,0.007,22,10,28,940,32,0.6875,0.44,0.5365853658536586,0.010526315789473684
imdb,cf,1000,0.05,42,full,base_label_NLL,0.05,1.8531596375172894,0.052,39,47,11,903,86,0.45348837209302323,0.78,0.5735294117647058,0.049473684210526316
imdb,cf,1000,0.05,42,full,adapted_label_NLL,0.01,10.901584815396927,0.011,0,0,50,950,0,0.0,0.0,0.0,0.0
imdb,cf,1000,0.05,42,full,adapted_label_NLL,0.05,5.067567605746189,0.051,0,0,50,950,0,0.0,0.0,0.0,0.0
imdb,cf,1000,0.05,42,full,ZScore_token,0.01,7.581938944126679,0.0,0,0,50,950,0,0.0,0.0,0.0,0.0
imdb,cf,1000,0.05,42,full,ZScore_token,0.05,7.581938944126679,0.0,0,0,50,950,0,0.0,0.0,0.0,0.0
imdb,cf,1000,0.05,42,full,ZScore_released_unigram,0.01,19.61454385784604,0.0,0,0,50,950,0,0.0,0.0,0.0,0.0
imdb,cf,1000,0.05,42,full,ZScore_released_unigram,0.05,19.61454385784604,0.0,0,0,50,950,0,0.0,0.0,0.0,0.0
imdb,cf,1000,0.05,43,full,PD_KL,0.01,1.9519101302668362,0.005,33,39,17,911,72,0.4583333333333333,0.66,0.5409836065573771,0.04105263157894737
imdb,cf,1000,0.05,43,full,PD_KL,0.05,0.8728061391820128,0.043,39,136,11,814,175,0.22285714285714286,0.78,0.3466666666666667,0.1431578947368421
imdb,cf,1000,0.05,43,full,PD_label_KL,0.01,1.9496873151412382,0.005,33,39,17,911,72,0.4583333333333333,0.66,0.5409836065573771,0.04105263157894737
imdb,cf,1000,0.05,43,full,PD_label_KL,0.05,0.8667229230724621,0.042,39,136,11,814,175,0.22285714285714286,0.78,0.3466666666666667,0.1431578947368421
imdb,cf,1000,0.05,43,full,PD_observed,0.01,11.887287497520447,0.018,9,60,41,890,69,0.13043478260869565,0.18,0.15126050420168066,0.06315789473684211
imdb,cf,1000,0.05,43,full,PD_observed,0.05,10.140105485916138,0.062,15,172,35,778,187,0.08021390374331551,0.3,0.12658227848101267,0.18105263157894738
imdb,cf,1000,0.05,43,full,PD_max_abs,0.01,11.979357540607452,0.017,9,58,41,892,67,0.13432835820895522,0.18,0.15384615384615385,0.061052631578947365
imdb,cf,1000,0.05,43,full,PD_max_abs,0.05,10.17974055558443,0.062,15,167,35,783,182,0.08241758241758242,0.3,0.12931034482758622,0.17578947368421052
imdb,cf,1000,0.05,43,full,PD_positive_oracle,0.01,11.979357540607452,0.017,9,57,41,893,66,0.13636363636363635,0.18,0.15517241379310345,0.06
imdb,cf,1000,0.05,43,full,PD_positive_oracle,0.05,10.17974055558443,0.062,15,155,35,795,170,0.08823529411764706,0.3,0.13636363636363635,0.1631578947368421
imdb,cf,1000,0.05,43,full,base_label_NLL,0.01,3.6276549794948463,0.007,18,9,32,941,27,0.6666666666666666,0.36,0.4675324675324675,0.009473684210526316
imdb,cf,1000,0.05,43,full,base_label_NLL,0.05,1.8531596375172894,0.052,38,48,12,902,86,0.4418604651162791,0.76,0.5588235294117647,0.05052631578947368
imdb,cf,1000,0.05,43,full,adapted_label_NLL,0.01,10.958975669442498,0.011,0,0,50,950,0,0.0,0.0,0.0,0.0
imdb,cf,1000,0.05,43,full,adapted_label_NLL,0.05,6.339593784209244,0.037,0,0,50,950,0,0.0,0.0,0.0,0.0
imdb,cf,1000,0.05,43,full,ZScore_token,0.01,6.42934577094508,0.0,0,0,50,950,0,0.0,0.0,0.0,0.0
imdb,cf,1000,0.05,43,full,ZScore_token,0.05,6.42934577094508,0.0,0,0,50,950,0,0.0,0.0,0.0,0.0
imdb,cf,1000,0.05,43,full,ZScore_released_unigram,0.01,14.999237481434152,0.0,0,0,50,950,0,0.0,0.0,0.0,0.0
imdb,cf,1000,0.05,43,full,ZScore_released_unigram,0.05,14.999237481434152,0.0,0,0,50,950,0,0.0,0.0,0.0,0.0
imdb,cf,1000,0.05,44,full,PD_KL,0.01,1.7929107762766312,0.01,29,50,21,900,79,0.3670886075949367,0.58,0.4496124031007752,0.05263157894736842
imdb,cf,1000,0.05,44,full,PD_KL,0.05,0.7456824199945866,0.049,41,129,9,821,170,0.2411764705882353,0.82,0.37272727272727274,0.13578947368421052
imdb,cf,1000,0.05,44,full,PD_label_KL,0.01,1.7915375451802074,0.01,29,50,21,900,79,0.3670886075949367,0.58,0.4496124031007752,0.05263157894736842
imdb,cf,1000,0.05,44,full,PD_label_KL,0.05,0.7361609136909746,0.05,41,130,9,820,171,0.23976608187134502,0.82,0.37104072398190047,0.1368421052631579
imdb,cf,1000,0.05,44,full,PD_observed,0.01,10.478302359580994,0.025,22,66,28,884,88,0.25,0.44,0.3188405797101449,0.06947368421052631
imdb,cf,1000,0.05,44,full,PD_observed,0.05,9.002362847328186,0.072,27,158,23,792,185,0.14594594594594595,0.54,0.2297872340425532,0.16631578947368422
imdb,cf,1000,0.05,44,full,PD_max_abs,0.01,10.817340850830078,0.015,17,55,33,895,72,0.2361111111111111,0.34,0.2786885245901639,0.05789473684210526
imdb,cf,1000,0.05,44,full,PD_max_abs,0.05,9.100067883729935,0.071,27,146,23,804,173,0.15606936416184972,0.54,0.242152466367713,0.15368421052631578
imdb,cf,1000,0.05,44,full,PD_positive_oracle,0.01,10.817340850830078,0.015,17,53,33,897,70,0.24285714285714285,0.34,0.2833333333333333,0.05578947368421053
imdb,cf,1000,0.05,44,full,PD_positive_oracle,0.05,9.100067883729935,0.071,27,139,23,811,166,0.16265060240963855,0.54,0.25,0.1463157894736842
imdb,cf,1000,0.05,44,full,base_label_NLL,0.01,3.6276549794948463,0.007,20,12,30,938,32,0.625,0.4,0.4878048780487805,0.01263157894736842
imdb,cf,1000,0.05,44,full,base_label_NLL,0.05,1.8531596375172894,0.052,33,60,17,890,93,0.3548387096774194,0.66,0.46153846153846156,0.06315789473684211
imdb,cf,1000,0.05,44,full,adapted_label_NLL,0.01,11.208025669017132,0.006,0,0,50,950,0,0.0,0.0,0.0,0.0
imdb,cf,1000,0.05,44,full,adapted_label_NLL,0.05,5.194597303712777,0.048,0,0,50,950,0,0.0,0.0,0.0,0.0
imdb,cf,1000,0.05,44,full,ZScore_token,0.01,7.201779555409296,0.0,0,0,50,950,0,0.0,0.0,0.0,0.0
imdb,cf,1000,0.05,44,full,ZScore_token,0.05,7.201779555409296,0.0,0,0,50,950,0,0.0,0.0,0.0,0.0
imdb,cf,1000,0.05,44,full,ZScore_released_unigram,0.01,14.35022709157555,0.0,0,0,50,950,0,0.0,0.0,0.0,0.0
imdb,cf,1000,0.05,44,full,ZScore_released_unigram,0.05,14.35022709157555,0.0,0,0,50,950,0,0.0,0.0,0.0,0.0
imdb,cf,1000,0.0,42,full,PD_KL,0.01,1.6067675858502553,0.009,0,54,0,946,54,0.0,,0.0,0.054
imdb,cf,1000,0.0,42,full,PD_KL,0.05,0.7337476827353835,0.034,0,143,0,857,143,0.0,,0.0,0.143
imdb,cf,1000,0.0,42,full,PD_label_KL,0.01,1.6023652183587502,0.009,0,54,0,946,54,0.0,,0.0,0.054
imdb,cf,1000,0.0,42,full,PD_label_KL,0.05,0.7228578894155558,0.035,0,144,0,856,144,0.0,,0.0,0.144
imdb,cf,1000,0.0,42,full,PD_observed,0.01,10.799240160733461,0.011,0,75,0,925,75,0.0,,0.0,0.075
imdb,cf,1000,0.0,42,full,PD_observed,0.05,9.391517385840416,0.053,0,163,0,837,163,0.0,,0.0,0.163
imdb,cf,1000,0.0,42,full,PD_max_abs,0.01,11.153079986572266,0.011,0,53,0,947,53,0.0,,0.0,0.053
imdb,cf,1000,0.0,42,full,PD_max_abs,0.05,9.553484566509724,0.051,0,151,0,849,151,0.0,,0.0,0.151
imdb,cf,1000,0.0,42,full,PD_positive_oracle,0.01,11.153079986572266,0.011,0,46,0,954,46,0.0,,0.0,0.046
imdb,cf,1000,0.0,42,full,PD_positive_oracle,0.05,9.553484566509724,0.051,0,129,0,871,129,0.0,,0.0,0.129
imdb,cf,1000,0.0,42,full,base_label_NLL,0.01,3.6276549794948463,0.007,0,10,0,990,10,0.0,,0.0,0.01
imdb,cf,1000,0.0,42,full,base_label_NLL,0.05,1.8531596375172894,0.052,0,47,0,953,47,0.0,,0.0,0.047
imdb,cf,1000,0.0,42,full,adapted_label_NLL,0.01,11.336663729636149,0.008,0,0,0,1000,0,0.0,,0.0,0.0
imdb,cf,1000,0.0,42,full,adapted_label_NLL,0.05,6.319608277317596,0.054,0,0,0,1000,0,0.0,,0.0,0.0
imdb,cf,1000,0.0,42,full,ZScore_token,0.01,8.228052910674231,0.0,0,0,0,1000,0,0.0,,0.0,0.0
imdb,cf,1000,0.0,42,full,ZScore_token,0.05,8.228052910674231,0.0,0,0,0,1000,0,0.0,,0.0,0.0
imdb,cf,1000,0.0,42,full,ZScore_released_unigram,0.01,11.412105545510249,0.0,0,0,0,1000,0,0.0,,0.0,0.0
imdb,cf,1000,0.0,42,full,ZScore_released_unigram,0.05,9.842693892297737,0.051,0,53,0,947,53,0.0,,0.0,0.053
imdb,cf,1000,0.0,43,full,PD_KL,0.01,1.5360733603022592,0.01,0,63,0,937,63,0.0,,0.0,0.063
imdb,cf,1000,0.0,43,full,PD_KL,0.05,0.7014299349586821,0.049,0,169,0,831,169,0.0,,0.0,0.169
imdb,cf,1000,0.0,43,full,PD_label_KL,0.01,1.5043718238807653,0.01,0,64,0,936,64,0.0,,0.0,0.064
imdb,cf,1000,0.0,43,full,PD_label_KL,0.05,0.6872426542108627,0.049,0,170,0,830,170,0.0,,0.0,0.17
imdb,cf,1000,0.0,43,full,PD_observed,0.01,11.330572605133057,0.005,0,85,0,915,85,0.0,,0.0,0.085
imdb,cf,1000,0.0,43,full,PD_observed,0.05,9.786806657910347,0.055,0,224,0,776,224,0.0,,0.0,0.224
imdb,cf,1000,0.0,43,full,PD_max_abs,0.01,11.38174569606781,0.005,0,84,0,916,84,0.0,,0.0,0.084
imdb,cf,1000,0.0,43,full,PD_max_abs,0.05,9.95441883802414,0.044,0,204,0,796,204,0.0,,0.0,0.204
imdb,cf,1000,0.0,43,full,PD_positive_oracle,0.01,10.84726333618164,0.008,0,52,0,948,52,0.0,,0.0,0.052
imdb,cf,1000,0.0,43,full,PD_positive_oracle,0.05,8.514899015426636,0.059,0,161,0,839,161,0.0,,0.0,0.161
imdb,cf,1000,0.0,43,full,base_label_NLL,0.01,3.6276549794948463,0.007,0,9,0,991,9,0.0,,0.0,0.009
imdb,cf,1000,0.0,43,full,base_label_NLL,0.05,1.8531596375172894,0.052,0,50,0,950,50,0.0,,0.0,0.05
imdb,cf,1000,0.0,43,full,adapted_label_NLL,0.01,11.9328155664588,0.002,0,0,0,1000,0,0.0,,0.0,0.0
imdb,cf,1000,0.0,43,full,adapted_label_NLL,0.05,8.021098585875611,0.04,0,0,0,1000,0,0.0,,0.0,0.0
imdb,cf,1000,0.0,43,full,ZScore_token,0.01,7.354205419309253,0.0,0,0,0,1000,0,0.0,,0.0,0.0
imdb,cf,1000,0.0,43,full,ZScore_token,0.05,7.354205419309253,0.0,0,0,0,1000,0,0.0,,0.0,0.0
imdb,cf,1000,0.0,43,full,ZScore_released_unigram,0.01,11.222831267569417,0.0,0,0,0,1000,0,0.0,,0.0,0.0
imdb,cf,1000,0.0,43,full,ZScore_released_unigram,0.05,10.045719850940772,0.045,0,45,0,955,45,0.0,,0.0,0.045
imdb,cf,1000,0.0,44,full,PD_KL,0.01,1.3144445071417434,0.007,0,72,0,928,72,0.0,,0.0,0.072
imdb,cf,1000,0.0,44,full,PD_KL,0.05,0.5831896881080185,0.048,0,170,0,830,170,0.0,,0.0,0.17
imdb,cf,1000,0.0,44,full,PD_label_KL,0.01,1.3034961194796715,0.007,0,72,0,928,72,0.0,,0.0,0.072
imdb,cf,1000,0.0,44,full,PD_label_KL,0.05,0.571397418878788,0.049,0,169,0,831,169,0.0,,0.0,0.169
imdb,cf,1000,0.0,44,full,PD_observed,0.01,9.053410053253174,0.017,0,76,0,924,76,0.0,,0.0,0.076
imdb,cf,1000,0.0,44,full,PD_observed,0.05,7.1977516412734985,0.08,0,219,0,781,219,0.0,,0.0,0.219
imdb,cf,1000,0.0,44,full,PD_max_abs,0.01,9.305383943021297,0.009,0,68,0,932,68,0.0,,0.0,0.068
imdb,cf,1000,0.0,44,full,PD_max_abs,0.05,7.33657044172287,0.078,0,195,0,805,195,0.0,,0.0,0.195
imdb,cf,1000,0.0,44,full,PD_positive_oracle,0.01,9.305383943021297,0.009,0,58,0,942,58,0.0,,0.0,0.058
imdb,cf,1000,0.0,44,full,PD_positive_oracle,0.05,7.3227930068969735,0.077,0,167,0,833,167,0.0,,0.0,0.167
imdb,cf,1000,0.0,44,full,base_label_NLL,0.01,3.6276549794948463,0.007,0,12,0,988,12,0.0,,0.0,0.012
imdb,cf,1000,0.0,44,full,base_label_NLL,0.05,1.8531596375172894,0.052,0,60,0,940,60,0.0,,0.0,0.06
imdb,cf,1000,0.0,44,full,adapted_label_NLL,0.01,8.656450718810705,0.007,0,0,0,1000,0,0.0,,0.0,0.0
imdb,cf,1000,0.0,44,full,adapted_label_NLL,0.05,5.318404197853071,0.046,0,1,0,999,1,0.0,,0.0,0.001
imdb,cf,1000,0.0,44,full,ZScore_token,0.01,7.991968445447437,0.0,0,0,0,1000,0,0.0,,0.0,0.0
imdb,cf,1000,0.0,44,full,ZScore_token,0.05,7.991968445447437,0.0,0,0,0,1000,0,0.0,,0.0,0.0
imdb,cf,1000,0.0,44,full,ZScore_released_unigram,0.01,13.020707415745175,0.0,0,0,0,1000,0,0.0,,0.0,0.0
imdb,cf,1000,0.0,44,full,ZScore_released_unigram,0.05,11.434384802967422,0.045,0,35,0,965,35,0.0,,0.0,0.035
sst2,scpn,6000,0.01,42,full,PD_KL,0.01,1.8985388395449385,0.009345794392523364,26,177,34,5763,203,0.12807881773399016,0.43333333333333335,0.19771863117870722,0.0297979797979798
sst2,scpn,6000,0.01,42,full,PD_KL,0.05,0.8140297072676627,0.058273776800439804,44,555,16,5385,599,0.07345575959933222,0.7333333333333333,0.13353566009104703,0.09343434343434344
sst2,scpn,6000,0.01,42,full,PD_label_KL,0.01,1.8969244969590824,0.009345794392523364,26,177,34,5763,203,0.12807881773399016,0.43333333333333335,0.19771863117870722,0.0297979797979798
sst2,scpn,6000,0.01,42,full,PD_label_KL,0.05,0.8105202345371963,0.058273776800439804,44,556,16,5384,600,0.07333333333333333,0.7333333333333333,0.13333333333333333,0.0936026936026936
sst2,scpn,6000,0.01,42,full,PD_observed,0.01,12.790297865867615,0.009895547003848268,7,248,53,5692,255,0.027450980392156862,0.11666666666666667,0.044444444444444446,0.041750841750841754
sst2,scpn,6000,0.01,42,full,PD_observed,0.05,11.631733387708664,0.03628367234744365,9,566,51,5374,575,0.01565217391304348,0.15,0.028346456692913385,0.09528619528619528
sst2,scpn,6000,0.01,42,full,PD_max_abs,0.01,12.790297865867615,0.010445299615173173,7,248,53,5692,255,0.027450980392156862,0.11666666666666667,0.044444444444444446,0.041750841750841754
sst2,scpn,6000,0.01,42,full,PD_max_abs,0.05,11.667257368564606,0.035733919736118745,9,554,51,5386,563,0.015985790408525755,0.15,0.028892455858747994,0.09326599326599326
sst2,scpn,6000,0.01,42,full,PD_positive_oracle,0.01,12.790297865867615,0.010445299615173173,7,238,53,5702,245,0.02857142857142857,0.11666666666666667,0.04590163934426229,0.040067340067340064
sst2,scpn,6000,0.01,42,full,PD_positive_oracle,0.05,11.655611515045166,0.03628367234744365,9,532,51,5408,541,0.0166358595194085,0.15,0.029950083194675542,0.08956228956228957
sst2,scpn,6000,0.01,42,full,base_label_NLL,0.01,2.4895765887582084,0.010995052226498075,19,94,41,5846,113,0.168141592920354,0.31666666666666665,0.21965317919075145,0.015824915824915825
sst2,scpn,6000,0.01,42,full,base_label_NLL,0.05,1.7026181734780128,0.034634414513468936,31,221,29,5719,252,0.12301587301587301,0.5166666666666667,0.1987179487179487,0.03720538720538721
sst2,scpn,6000,0.01,42,full,adapted_label_NLL,0.01,11.198320779328155,0.003298515667949423,0,0,60,5940,0,0.0,0.0,0.0,0.0
sst2,scpn,6000,0.01,42,full,adapted_label_NLL,0.05,4.574018229573305,0.04837822979659153,0,0,60,5940,0,0.0,0.0,0.0,0.0
sst2,scpn,6000,0.01,42,full,ZScore_token,0.01,8.56742794268566,0.0,0,0,60,5940,0,0.0,0.0,0.0,0.0
sst2,scpn,6000,0.01,42,full,ZScore_token,0.05,8.166948568455277,0.02583837273227048,0,156,60,5784,156,0.0,0.0,0.0,0.026262626262626262
sst2,scpn,6000,0.01,42,full,ZScore_released_unigram,0.01,9.59715393120313,0.0,0,0,60,5940,0,0.0,0.0,0.0,0.0
sst2,scpn,6000,0.01,42,full,ZScore_released_unigram,0.05,9.59715393120313,0.0,0,0,60,5940,0,0.0,0.0,0.0,0.0
sst2,scpn,6000,0.01,43,full,PD_KL,0.01,2.1077910498920533,0.007696536558548653,28,129,32,5811,157,0.17834394904458598,0.4666666666666667,0.25806451612903225,0.021717171717171718
sst2,scpn,6000,0.01,43,full,PD_KL,0.05,0.8578544618309444,0.04892798240791644,46,526,14,5414,572,0.08041958041958042,0.7666666666666667,0.14556962025316456,0.08855218855218855
sst2,scpn,6000,0.01,43,full,PD_label_KL,0.01,2.1059563396202443,0.007696536558548653,28,129,32,5811,157,0.17834394904458598,0.4666666666666667,0.25806451612903225,0.021717171717171718
sst2,scpn,6000,0.01,43,full,PD_label_KL,0.05,0.8540920206959826,0.04892798240791644,46,526,14,5414,572,0.08041958041958042,0.7666666666666667,0.14556962025316456,0.08855218855218855
sst2,scpn,6000,0.01,43,full,PD_observed,0.01,13.636157736182213,0.004947773501924134,1,169,59,5771,170,0.0058823529411764705,0.016666666666666666,0.008695652173913044,0.028451178451178453
sst2,scpn,6000,0.01,43,full,PD_observed,0.05,11.530438899993896,0.04947773501924134,7,687,53,5253,694,0.010086455331412104,0.11666666666666667,0.01856763925729443,0.11565656565656565
sst2,scpn,6000,0.01,43,full,PD_max_abs,0.01,13.636157736182213,0.004947773501924134,1,169,59,5771,170,0.0058823529411764705,0.016666666666666666,0.008695652173913044,0.028451178451178453
sst2,scpn,6000,0.01,43,full,PD_max_abs,0.05,11.693210840225218,0.04562946673996701,7,620,53,5320,627,0.011164274322169059,0.11666666666666667,0.020378457059679767,0.10437710437710437
sst2,scpn,6000,0.01,43,full,PD_positive_oracle,0.01,13.636157736182213,0.004947773501924134,1,153,59,5787,154,0.006493506493506494,0.016666666666666666,0.009345794392523364,0.025757575757575757
sst2,scpn,6000,0.01,43,full,PD_positive_oracle,0.05,11.693210840225218,0.04507971412864211,7,550,53,5390,557,0.012567324955116697,0.11666666666666667,0.022690437601296597,0.09259259259259259
sst2,scpn,6000,0.01,43,full,base_label_NLL,0.01,2.4895765887582084,0.010995052226498075,24,87,36,5853,111,0.21621621621621623,0.4,0.2807017543859649,0.014646464646464647
sst2,scpn,6000,0.01,43,full,base_label_NLL,0.05,1.7026181734780128,0.034634414513468936,35,213,25,5727,248,0.14112903225806453,0.5833333333333334,0.22727272727272727,0.03585858585858586
sst2,scpn,6000,0.01,43,full,adapted_label_NLL,0.01,11.725875830255665,0.0043980208905992305,0,0,60,5940,0,0.0,0.0,0.0,0.0
sst2,scpn,6000,0.01,43,full,adapted_label_NLL,0.05,4.251597043547975,0.0439802089059923,0,0,60,5940,0,0.0,0.0,0.0,0.0
sst2,scpn,6000,0.01,43,full,ZScore_token,0.01,8.53080533284186,0.0,0,0,60,5940,0,0.0,0.0,0.0,0.0
sst2,scpn,6000,0.01,43,full,ZScore_token,0.05,8.49844615042859,0.019241341396371632,0,113,60,5827,113,0.0,0.0,0.0,0.019023569023569022
sst2,scpn,6000,0.01,43,full,ZScore_released_unigram,0.01,9.816679416621422,0.0,0,0,60,5940,0,0.0,0.0,0.0,0.0
sst2,scpn,6000,0.01,43,full,ZScore_released_unigram,0.05,9.816679416621422,0.0,0,0,60,5940,0,0.0,0.0,0.0,0.0
sst2,scpn,6000,0.01,44,full,PD_KL,0.01,2.0362334784814666,0.006043956043956044,27,134,33,5806,161,0.16770186335403728,0.45,0.24434389140271492,0.02255892255892256
sst2,scpn,6000,0.01,44,full,PD_KL,0.05,0.8086594774001108,0.05,46,555,14,5385,601,0.07653910149750416,0.7666666666666667,0.13918305597579425,0.09343434343434344
sst2,scpn,6000,0.01,44,full,PD_label_KL,0.01,2.0321865859443684,0.006043956043956044,27,134,33,5806,161,0.16770186335403728,0.45,0.24434389140271492,0.02255892255892256
sst2,scpn,6000,0.01,44,full,PD_label_KL,0.05,0.8039810557321305,0.05,46,558,14,5382,604,0.076158940397351,0.7666666666666667,0.13855421686746988,0.09393939393939393
sst2,scpn,6000,0.01,44,full,PD_observed,0.01,13.839786291122437,0.0027472527472527475,3,129,57,5811,132,0.022727272727272728,0.05,0.03125,0.021717171717171718
sst2,scpn,6000,0.01,44,full,PD_observed,0.05,11.728683471679688,0.05274725274725275,15,618,45,5322,633,0.023696682464454975,0.25,0.04329004329004329,0.10404040404040404
sst2,scpn,6000,0.01,44,full,PD_max_abs,0.01,13.839786291122437,0.0027472527472527475,3,129,57,5811,132,0.022727272727272728,0.05,0.03125,0.021717171717171718
sst2,scpn,6000,0.01,44,full,PD_max_abs,0.05,11.817513048648834,0.04945054945054945,14,583,46,5357,597,0.023450586264656615,0.23333333333333334,0.0426179604261796,0.09814814814814815
sst2,scpn,6000,0.01,44,full,PD_positive_oracle,0.01,13.839786291122437,0.0027472527472527475,3,126,57,5814,129,0.023255813953488372,0.05,0.031746031746031744,0.021212121212121213
sst2,scpn,6000,0.01,44,full,PD_positive_oracle,0.05,11.817513048648834,0.04945054945054945,14,565,46,5375,579,0.024179620034542316,0.23333333333333334,0.04381846635367762,0.09511784511784512
sst2,scpn,6000,0.01,44,full,base_label_NLL,0.01,2.4895765887582084,0.01098901098901099,21,85,39,5855,106,0.19811320754716982,0.35,0.25301204819277107,0.01430976430976431
sst2,scpn,6000,0.01,44,full,base_label_NLL,0.05,1.7026181734780128,0.03461538461538462,32,216,28,5724,248,0.12903225806451613,0.5333333333333333,0.2077922077922078,0.03636363636363636
sst2,scpn,6000,0.01,44,full,adapted_label_NLL,0.01,11.332810812233454,0.0032967032967032967,0,0,60,5940,0,0.0,0.0,0.0,0.0
sst2,scpn,6000,0.01,44,full,adapted_label_NLL,0.05,3.5792563348225435,0.0521978021978022,0,0,60,5940,0,0.0,0.0,0.0,0.0
sst2,scpn,6000,0.01,44,full,ZScore_token,0.01,8.645776826036364,0.0,0,0,60,5940,0,0.0,0.0,0.0,0.0
sst2,scpn,6000,0.01,44,full,ZScore_token,0.05,8.645776826036364,0.0,0,0,60,5940,0,0.0,0.0,0.0,0.0
sst2,scpn,6000,0.01,44,full,ZScore_released_unigram,0.01,9.39734184585711,0.0,0,0,60,5940,0,0.0,0.0,0.0,0.0
sst2,scpn,6000,0.01,44,full,ZScore_released_unigram,0.05,9.39734184585711,0.0,0,0,60,5940,0,0.0,0.0,0.0,0.0
sst2,scpn,6000,0.05,42,full,PD_KL,0.01,2.1379076347447663,0.010445299615173173,146,128,154,5572,274,0.5328467153284672,0.4866666666666667,0.5087108013937283,0.02245614035087719
sst2,scpn,6000,0.05,42,full,PD_KL,0.05,1.047295903081741,0.04452996151731721,216,412,84,5288,628,0.34394904458598724,0.72,0.46551724137931033,0.07228070175438596
sst2,scpn,6000,0.05,42,full,PD_label_KL,0.01,2.1360765215839788,0.010445299615173173,146,128,154,5572,274,0.5328467153284672,0.4866666666666667,0.5087108013937283,0.02245614035087719
sst2,scpn,6000,0.05,42,full,PD_label_KL,0.05,1.0467256266939822,0.0439802089059923,216,409,84,5291,625,0.3456,0.72,0.46702702702702703,0.07175438596491228
sst2,scpn,6000,0.05,42,full,PD_observed,0.01,12.535135567188263,0.005497526113249038,91,172,209,5528,263,0.34600760456273766,0.30333333333333334,0.32326820603907636,0.030175438596491227
sst2,scpn,6000,0.05,42,full,PD_observed,0.05,10.982156753540039,0.032435404068169325,143,573,157,5127,716,0.19972067039106145,0.4766666666666667,0.281496062992126,0.10052631578947369
sst2,scpn,6000,0.05,42,full,PD_max_abs,0.01,12.573347274214028,0.007146783947223749,90,165,210,5535,255,0.35294117647058826,0.3,0.32432432432432434,0.02894736842105263
sst2,scpn,6000,0.05,42,full,PD_max_abs,0.05,11.048164337873459,0.032985156679494226,141,553,159,5147,694,0.20317002881844382,0.47,0.2837022132796781,0.09701754385964913
sst2,scpn,6000,0.05,42,full,PD_positive_oracle,0.01,12.573347274214028,0.007146783947223749,90,137,210,5563,227,0.3964757709251101,0.3,0.3415559772296015,0.024035087719298246
sst2,scpn,6000,0.05,42,full,PD_positive_oracle,0.05,10.86840683221817,0.040131940626717974,151,500,149,5200,651,0.23195084485407066,0.5033333333333333,0.3175604626708728,0.08771929824561403
sst2,scpn,6000,0.05,42,full,base_label_NLL,0.01,2.4895765887582084,0.010995052226498075,121,89,179,5611,210,0.5761904761904761,0.4033333333333333,0.4745098039215686,0.015614035087719299
sst2,scpn,6000,0.05,42,full,base_label_NLL,0.05,1.7026181734780128,0.034634414513468936,172,215,128,5485,387,0.4444444444444444,0.5733333333333334,0.5007278020378457,0.037719298245614034
sst2,scpn,6000,0.05,42,full,adapted_label_NLL,0.01,10.43946497572781,0.005497526113249038,0,0,300,5700,0,0.0,0.0,0.0,0.0
sst2,scpn,6000,0.05,42,full,adapted_label_NLL,0.05,5.28984248907373,0.04452996151731721,0,0,300,5700,0,0.0,0.0,0.0,0.0
sst2,scpn,6000,0.05,42,full,ZScore_token,0.01,8.413631035936643,0.0,0,0,300,5700,0,0.0,0.0,0.0,0.0
sst2,scpn,6000,0.05,42,full,ZScore_token,0.05,8.092947360015845,0.02583837273227048,0,145,300,5555,145,0.0,0.0,0.0,0.02543859649122807
sst2,scpn,6000,0.05,42,full,ZScore_released_unigram,0.01,13.160844191697125,0.0,0,0,300,5700,0,0.0,0.0,0.0,0.0
sst2,scpn,6000,0.05,42,full,ZScore_released_unigram,0.05,13.160844191697125,0.0,0,0,300,5700,0,0.0,0.0,0.0,0.0
sst2,scpn,6000,0.05,42,lora,PD_KL,0.01,1.1029613284023985,0.008246289169873557,71,28,229,5672,99,0.7171717171717171,0.23666666666666666,0.3558897243107769,0.004912280701754386
sst2,scpn,6000,0.05,42,lora,PD_KL,0.05,0.37851062637243993,0.05057724024189115,149,269,151,5431,418,0.35645933014354064,0.49666666666666665,0.415041782729805,0.04719298245614035
sst2,scpn,6000,0.05,42,lora,PD_label_KL,0.01,1.1009284466717058,0.008246289169873557,71,29,229,5671,100,0.71,0.23666666666666666,0.355,0.005087719298245614
sst2,scpn,6000,0.05,42,lora,PD_label_KL,0.05,0.37618537976076694,0.05057724024189115,149,268,151,5432,417,0.35731414868105515,0.49666666666666665,0.41562064156206413,0.047017543859649125
sst2,scpn,6000,0.05,42,lora,PD_observed,0.01,4.019580602645874,0.008246289169873557,40,63,260,5637,103,0.3883495145631068,0.13333333333333333,0.19851116625310175,0.011052631578947368
sst2,scpn,6000,0.05,42,lora,PD_observed,0.05,3.0739723443984985,0.04782847718526663,95,338,205,5362,433,0.21939953810623555,0.31666666666666665,0.2592087312414734,0.059298245614035086
sst2,scpn,6000,0.05,42,lora,PD_max_abs,0.01,4.13735044002533,0.008796041781198461,34,60,266,5640,94,0.3617021276595745,0.11333333333333333,0.17258883248730963,0.010526315789473684
sst2,scpn,6000,0.05,42,lora,PD_max_abs,0.05,3.182367444038391,0.04672897196261682,87,291,213,5409,378,0.23015873015873015,0.29,0.25663716814159293,0.05105263157894737
sst2,scpn,6000,0.05,42,lora,PD_positive_oracle,0.01,4.13735044002533,0.008246289169873557,34,59,266,5641,93,0.3655913978494624,0.11333333333333333,0.17302798982188294,0.010350877192982456
sst2,scpn,6000,0.05,42,lora,PD_positive_oracle,0.05,3.1404652930796146,0.04672897196261682,90,297,210,5403,387,0.23255813953488372,0.3,0.26200873362445415,0.05210526315789474
sst2,scpn,6000,0.05,42,lora,base_label_NLL,0.01,2.4895765887582084,0.010995052226498075,121,89,179,5611,210,0.5761904761904761,0.4033333333333333,0.4745098039215686,0.015614035087719299
sst2,scpn,6000,0.05,42,lora,base_label_NLL,0.05,1.7026181734780128,0.034634414513468936,172,215,128,5485,387,0.4444444444444444,0.5733333333333334,0.5007278020378457,0.037719298245614034
sst2,scpn,6000,0.05,42,lora,adapted_label_NLL,0.01,4.4899908025924224,0.002748763056624519,0,11,300,5689,11,0.0,0.0,0.0,0.0019298245614035089
sst2,scpn,6000,0.05,42,lora,adapted_label_NLL,0.05,1.8465039323487433,0.04123144584936778,29,181,271,5519,210,0.1380952380952381,0.09666666666666666,0.11372549019607843,0.03175438596491228
sst2,scpn,6000,0.05,42,lora,ZScore_token,0.01,8.413631035936643,0.0,0,0,300,5700,0,0.0,0.0,0.0,0.0
sst2,scpn,6000,0.05,42,lora,ZScore_token,0.05,8.092947360015845,0.02583837273227048,0,145,300,5555,145,0.0,0.0,0.0,0.02543859649122807
sst2,scpn,6000,0.05,42,lora,ZScore_released_unigram,0.01,13.160844191697125,0.0,0,0,300,5700,0,0.0,0.0,0.0,0.0
sst2,scpn,6000,0.05,42,lora,ZScore_released_unigram,0.05,13.160844191697125,0.0,0,0,300,5700,0,0.0,0.0,0.0,0.0
sst2,scpn,6000,0.05,43,full,PD_KL,0.01,2.090636201259498,0.008796041781198461,143,124,157,5576,267,0.5355805243445693,0.4766666666666667,0.5044091710758377,0.02175438596491228
sst2,scpn,6000,0.05,43,full,PD_KL,0.05,0.8171455939308442,0.058273776800439804,223,520,77,5180,743,0.3001345895020188,0.7433333333333333,0.4276126558005753,0.0912280701754386
sst2,scpn,6000,0.05,43,full,PD_label_KL,0.01,2.088464094753275,0.008796041781198461,143,124,157,5576,267,0.5355805243445693,0.4766666666666667,0.5044091710758377,0.02175438596491228
sst2,scpn,6000,0.05,43,full,PD_label_KL,0.05,0.815988427235297,0.058273776800439804,223,518,77,5182,741,0.300944669365722,0.7433333333333333,0.42843419788664744,0.09087719298245614
sst2,scpn,6000,0.05,43,full,PD_observed,0.01,12.684394359588623,0.0038482682792743265,59,178,241,5522,237,0.2489451476793249,0.19666666666666666,0.21973929236499068,0.031228070175438598
sst2,scpn,6000,0.05,43,full,PD_observed,0.05,10.968796849250792,0.04452996151731721,136,633,164,5067,769,0.17685305591677503,0.4533333333333333,0.25444340505144997,0.11105263157894738
sst2,scpn,6000,0.05,43,full,PD_max_abs,0.01,12.684394359588623,0.0038482682792743265,59,178,241,5522,237,0.2489451476793249,0.19666666666666666,0.21973929236499068,0.031228070175438598
sst2,scpn,6000,0.05,43,full,PD_max_abs,0.05,11.051338195800781,0.04178119846069269,131,602,169,5098,733,0.17871759890859482,0.43666666666666665,0.2536302032913843,0.1056140350877193
sst2,scpn,6000,0.05,43,full,PD_positive_oracle,0.01,12.684394359588623,0.0038482682792743265,59,153,241,5547,212,0.2783018867924528,0.19666666666666666,0.23046875,0.026842105263157896
sst2,scpn,6000,0.05,43,full,PD_positive_oracle,0.05,10.968796849250792,0.04507971412864211,136,520,164,5180,656,0.2073170731707317,0.4533333333333333,0.28451882845188287,0.0912280701754386
sst2,scpn,6000,0.05,43,full,base_label_NLL,0.01,2.4895765887582084,0.010995052226498075,116,83,184,5617,199,0.5829145728643216,0.38666666666666666,0.4649298597194389,0.01456140350877193
sst2,scpn,6000,0.05,43,full,base_label_NLL,0.05,1.7026181734780128,0.034634414513468936,174,207,126,5493,381,0.4566929133858268,0.58,0.5110132158590308,0.03631578947368421
sst2,scpn,6000,0.05,43,full,adapted_label_NLL,0.01,10.85722584810715,0.006047278724573941,0,0,300,5700,0,0.0,0.0,0.0,0.0
sst2,scpn,6000,0.05,43,full,adapted_label_NLL,0.05,4.89675862054291,0.04068169323804288,0,0,300,5700,0,0.0,0.0,0.0,0.0
sst2,scpn,6000,0.05,43,full,ZScore_token,0.01,7.556757318135022,0.0,0,0,300,5700,0,0.0,0.0,0.0,0.0
sst2,scpn,6000,0.05,43,full,ZScore_token,0.05,7.540391475746045,0.02583837273227048,0,142,300,5558,142,0.0,0.0,0.0,0.024912280701754386
sst2,scpn,6000,0.05,43,full,ZScore_released_unigram,0.01,13.160476670085517,0.0,0,0,300,5700,0,0.0,0.0,0.0,0.0
sst2,scpn,6000,0.05,43,full,ZScore_released_unigram,0.05,13.160476670085517,0.0,0,0,300,5700,0,0.0,0.0,0.0,0.0
sst2,scpn,6000,0.05,43,lora,PD_KL,0.01,1.0544758407489223,0.008246289169873557,67,28,233,5672,95,0.7052631578947368,0.22333333333333333,0.3392405063291139,0.004912280701754386
sst2,scpn,6000,0.05,43,lora,PD_KL,0.05,0.40641710982302975,0.04892798240791644,144,220,156,5480,364,0.3956043956043956,0.48,0.43373493975903615,0.03859649122807018
sst2,scpn,6000,0.05,43,lora,PD_label_KL,0.01,1.054065912457852,0.008246289169873557,67,28,233,5672,95,0.7052631578947368,0.22333333333333333,0.3392405063291139,0.004912280701754386
sst2,scpn,6000,0.05,43,lora,PD_label_KL,0.05,0.4059022172517072,0.04837822979659153,144,218,156,5482,362,0.39779005524861877,0.48,0.4350453172205438,0.03824561403508772
sst2,scpn,6000,0.05,43,lora,PD_observed,0.01,3.9609480500221252,0.006597031335898846,42,59,258,5641,101,0.4158415841584158,0.14,0.20947630922693267,0.010350877192982456
sst2,scpn,6000,0.05,43,lora,PD_observed,0.05,3.0755335688591003,0.0439802089059923,84,307,216,5393,391,0.21483375959079284,0.28,0.24312590448625182,0.05385964912280702
sst2,scpn,6000,0.05,43,lora,PD_max_abs,0.01,4.09597373008728,0.006597031335898846,39,51,261,5649,90,0.43333333333333335,0.13,0.2,0.008947368421052631
sst2,scpn,6000,0.05,43,lora,PD_max_abs,0.05,3.155198574066162,0.04727872457394173,81,275,219,5425,356,0.22752808988764045,0.27,0.24695121951219512,0.04824561403508772
sst2,scpn,6000,0.05,43,lora,PD_positive_oracle,0.01,4.09597373008728,0.006047278724573941,39,48,261,5652,87,0.4482758620689655,0.13,0.20155038759689922,0.008421052631578947
sst2,scpn,6000,0.05,43,lora,PD_positive_oracle,0.05,3.113085508346557,0.04617921935129192,83,271,217,5429,354,0.2344632768361582,0.27666666666666667,0.25382262996941896,0.047543859649122805
sst2,scpn,6000,0.05,43,lora,base_label_NLL,0.01,2.4895765887582084,0.010995052226498075,116,83,184,5617,199,0.5829145728643216,0.38666666666666666,0.4649298597194389,0.01456140350877193
sst2,scpn,6000,0.05,43,lora,base_label_NLL,0.05,1.7026181734780128,0.034634414513468936,174,207,126,5493,381,0.4566929133858268,0.58,0.5110132158590308,0.03631578947368421
sst2,scpn,6000,0.05,43,lora,adapted_label_NLL,0.01,4.381320768850456,0.0043980208905992305,0,17,300,5683,17,0.0,0.0,0.0,0.0029824561403508773
sst2,scpn,6000,0.05,43,lora,adapted_label_NLL,0.05,1.8165150769200287,0.04288070368334249,31,170,269,5530,201,0.15422885572139303,0.10333333333333333,0.12375249500998003,0.02982456140350877
sst2,scpn,6000,0.05,43,lora,ZScore_token,0.01,7.556757318135022,0.0,0,0,300,5700,0,0.0,0.0,0.0,0.0
sst2,scpn,6000,0.05,43,lora,ZScore_token,0.05,7.540391475746045,0.02583837273227048,0,142,300,5558,142,0.0,0.0,0.0,0.024912280701754386
sst2,scpn,6000,0.05,43,lora,ZScore_released_unigram,0.01,13.160476670085517,0.0,0,0,300,5700,0,0.0,0.0,0.0,0.0
sst2,scpn,6000,0.05,43,lora,ZScore_released_unigram,0.05,13.160476670085517,0.0,0,0,300,5700,0,0.0,0.0,0.0,0.0
sst2,scpn,6000,0.05,44,full,PD_KL,0.01,2.1078802053980707,0.012087912087912088,149,124,151,5576,273,0.5457875457875457,0.49666666666666665,0.5200698080279232,0.02175438596491228
sst2,scpn,6000,0.05,44,full,PD_KL,0.05,0.914780396639844,0.05,229,477,71,5223,706,0.3243626062322946,0.7633333333333333,0.4552683896620278,0.08368421052631579
sst2,scpn,6000,0.05,44,full,PD_label_KL,0.01,2.1050273417925887,0.012087912087912088,149,126,151,5574,275,0.5418181818181819,0.49666666666666665,0.5182608695652174,0.022105263157894735
sst2,scpn,6000,0.05,44,full,PD_label_KL,0.05,0.9091211774715136,0.05,229,477,71,5223,706,0.3243626062322946,0.7633333333333333,0.4552683896620278,0.08368421052631579
sst2,scpn,6000,0.05,44,full,PD_observed,0.01,12.5138920545578,0.007142857142857143,57,186,243,5514,243,0.2345679012345679,0.19,0.20994475138121546,0.03263157894736842
sst2,scpn,6000,0.05,44,full,PD_observed,0.05,10.832911640405655,0.04725274725274725,123,633,177,5067,756,0.1626984126984127,0.41,0.23295454545454544,0.11105263157894738
sst2,scpn,6000,0.05,44,full,PD_max_abs,0.01,12.566550612449646,0.007142857142857143,56,180,244,5520,236,0.23728813559322035,0.18666666666666668,0.208955223880597,0.031578947368421054
sst2,scpn,6000,0.05,44,full,PD_max_abs,0.05,10.867496564984322,0.04945054945054945,122,615,178,5085,737,0.1655359565807327,0.4066666666666667,0.23529411764705882,0.10789473684210527
sst2,scpn,6000,0.05,44,full,PD_positive_oracle,0.01,12.566550612449646,0.007142857142857143,56,166,244,5534,222,0.25225225225225223,0.18666666666666668,0.21455938697318008,0.02912280701754386
sst2,scpn,6000,0.05,44,full,PD_positive_oracle,0.05,10.867496564984322,0.04835164835164835,122,548,178,5152,670,0.18208955223880596,0.4066666666666667,0.2515463917525773,0.09614035087719298
sst2,scpn,6000,0.05,44,full,base_label_NLL,0.01,2.4895765887582084,0.01098901098901099,119,82,181,5618,201,0.5920398009950248,0.39666666666666667,0.4750499001996008,0.014385964912280702
sst2,scpn,6000,0.05,44,full,base_label_NLL,0.05,1.7026181734780128,0.03461538461538462,177,210,123,5490,387,0.4573643410852713,0.59,0.5152838427947598,0.03684210526315789
sst2,scpn,6000,0.05,44,full,adapted_label_NLL,0.01,10.985943268362954,0.0038461538461538464,0,0,300,5700,0,0.0,0.0,0.0,0.0
sst2,scpn,6000,0.05,44,full,adapted_label_NLL,0.05,5.381370705268614,0.041758241758241756,0,0,300,5700,0,0.0,0.0,0.0,0.0
sst2,scpn,6000,0.05,44,full,ZScore_token,0.01,8.558319445840972,0.0,0,0,300,5700,0,0.0,0.0,0.0,0.0
sst2,scpn,6000,0.05,44,full,ZScore_token,0.05,8.257117402425463,0.025824175824175823,0,146,300,5554,146,0.0,0.0,0.0,0.025614035087719297
sst2,scpn,6000,0.05,44,full,ZScore_released_unigram,0.01,12.377772422825684,0.0,0,0,300,5700,0,0.0,0.0,0.0,0.0
sst2,scpn,6000,0.05,44,full,ZScore_released_unigram,0.05,12.377772422825684,0.0,0,0,300,5700,0,0.0,0.0,0.0,0.0
sst2,scpn,6000,0.05,44,lora,PD_KL,0.01,1.1859951363261774,0.008241758241758242,91,29,209,5671,120,0.7583333333333333,0.30333333333333334,0.43333333333333335,0.005087719298245614
sst2,scpn,6000,0.05,44,lora,PD_KL,0.05,0.38409851918350196,0.053296703296703295,169,285,131,5415,454,0.3722466960352423,0.5633333333333334,0.4482758620689655,0.05
sst2,scpn,6000,0.05,44,lora,PD_label_KL,0.01,1.1853498461381933,0.008241758241758242,91,29,209,5671,120,0.7583333333333333,0.30333333333333334,0.43333333333333335,0.005087719298245614
sst2,scpn,6000,0.05,44,lora,PD_label_KL,0.05,0.3821288543318431,0.053296703296703295,169,284,131,5416,453,0.3730684326710817,0.5633333333333334,0.448871181938911,0.04982456140350877
sst2,scpn,6000,0.05,44,lora,PD_observed,0.01,4.226742506027222,0.0032967032967032967,51,39,249,5661,90,0.5666666666666667,0.17,0.26153846153846155,0.006842105263157895
sst2,scpn,6000,0.05,44,lora,PD_observed,0.05,3.0385327339172363,0.04285714285714286,120,318,180,5382,438,0.273972602739726,0.4,0.3252032520325203,0.05578947368421053
sst2,scpn,6000,0.05,44,lora,PD_max_abs,0.01,4.237893342971802,0.006593406593406593,50,44,250,5656,94,0.5319148936170213,0.16666666666666666,0.25380710659898476,0.0077192982456140355
sst2,scpn,6000,0.05,44,lora,PD_max_abs,0.05,3.1660876274108887,0.0456043956043956,113,284,187,5416,397,0.28463476070528965,0.37666666666666665,0.3242467718794835,0.04982456140350877
sst2,scpn,6000,0.05,44,lora,PD_positive_oracle,0.01,4.232458896934986,0.006043956043956044,50,42,250,5658,92,0.5434782608695652,0.16666666666666666,0.25510204081632654,0.007368421052631579
sst2,scpn,6000,0.05,44,lora,PD_positive_oracle,0.05,3.1449464559555054,0.04395604395604396,113,264,187,5436,377,0.29973474801061006,0.37666666666666665,0.33382570162481534,0.04631578947368421
sst2,scpn,6000,0.05,44,lora,base_label_NLL,0.01,2.4895765887582084,0.01098901098901099,119,82,181,5618,201,0.5920398009950248,0.39666666666666667,0.4750499001996008,0.014385964912280702
sst2,scpn,6000,0.05,44,lora,base_label_NLL,0.05,1.7026181734780128,0.03461538461538462,177,210,123,5490,387,0.4573643410852713,0.59,0.5152838427947598,0.03684210526315789
sst2,scpn,6000,0.05,44,lora,adapted_label_NLL,0.01,4.031070059184579,0.005494505494505495,1,22,299,5678,23,0.043478260869565216,0.0033333333333333335,0.006191950464396285,0.0038596491228070177
sst2,scpn,6000,0.05,44,lora,adapted_label_NLL,0.05,1.8750476492531993,0.04230769230769231,24,174,276,5526,198,0.12121212121212122,0.08,0.0963855421686747,0.030526315789473683
sst2,scpn,6000,0.05,44,lora,ZScore_token,0.01,8.558319445840972,0.0,0,0,300,5700,0,0.0,0.0,0.0,0.0
sst2,scpn,6000,0.05,44,lora,ZScore_token,0.05,8.257117402425463,0.025824175824175823,0,146,300,5554,146,0.0,0.0,0.0,0.025614035087719297
sst2,scpn,6000,0.05,44,lora,ZScore_released_unigram,0.01,12.377772422825684,0.0,0,0,300,5700,0,0.0,0.0,0.0,0.0
sst2,scpn,6000,0.05,44,lora,ZScore_released_unigram,0.05,12.377772422825684,0.0,0,0,300,5700,0,0.0,0.0,0.0,0.0
sst2,scpn,6000,0.0,42,full,PD_KL,0.01,2.0008147374313574,0.006597031335898846,0,158,0,5842,158,0.0,,0.0,0.026333333333333334
sst2,scpn,6000,0.0,42,full,PD_KL,0.05,0.791784247206215,0.056074766355140186,0,579,0,5421,579,0.0,,0.0,0.0965
sst2,scpn,6000,0.0,42,full,PD_label_KL,0.01,1.9992861769870234,0.006597031335898846,0,158,0,5842,158,0.0,,0.0,0.026333333333333334
sst2,scpn,6000,0.0,42,full,PD_label_KL,0.05,0.7886620095900772,0.056074766355140186,0,580,0,5420,580,0.0,,0.0,0.09666666666666666
sst2,scpn,6000,0.0,42,full,PD_observed,0.01,12.290373861789703,0.008246289169873557,0,232,0,5768,232,0.0,,0.0,0.03866666666666667
sst2,scpn,6000,0.0,42,full,PD_observed,0.05,10.839842677116394,0.038482682792743264,0,657,0,5343,657,0.0,,0.0,0.1095
sst2,scpn,6000,0.0,42,full,PD_max_abs,0.01,12.290373861789703,0.008246289169873557,0,232,0,5768,232,0.0,,0.0,0.03866666666666667
sst2,scpn,6000,0.0,42,full,PD_max_abs,0.05,10.90273630619049,0.040131940626717974,0,632,0,5368,632,0.0,,0.0,0.10533333333333333
sst2,scpn,6000,0.0,42,full,PD_positive_oracle,0.01,12.290373861789703,0.008246289169873557,0,209,0,5791,209,0.0,,0.0,0.034833333333333334
sst2,scpn,6000,0.0,42,full,PD_positive_oracle,0.05,10.860384792089462,0.040131940626717974,0,581,0,5419,581,0.0,,0.0,0.09683333333333333
sst2,scpn,6000,0.0,42,full,base_label_NLL,0.01,2.4895765887582084,0.010995052226498075,0,94,0,5906,94,0.0,,0.0,0.015666666666666666
sst2,scpn,6000,0.0,42,full,base_label_NLL,0.05,1.7026181734780128,0.034634414513468936,0,222,0,5778,222,0.0,,0.0,0.037
sst2,scpn,6000,0.0,42,full,adapted_label_NLL,0.01,11.460435677447038,0.003298515667949423,0,0,0,6000,0,0.0,,0.0,0.0
sst2,scpn,6000,0.0,42,full,adapted_label_NLL,0.05,3.8063935353336964,0.05167674546454096,0,0,0,6000,0,0.0,,0.0,0.0
sst2,scpn,6000,0.0,42,full,ZScore_token,0.01,8.763387148512887,0.0,0,0,0,6000,0,0.0,,0.0,0.0
sst2,scpn,6000,0.0,42,full,ZScore_token,0.05,8.144436049538509,0.02583837273227048,0,160,0,5840,160,0.0,,0.0,0.02666666666666667
sst2,scpn,6000,0.0,42,full,ZScore_released_unigram,0.01,8.892225534615436,0.004947773501924134,0,35,0,5965,35,0.0,,0.0,0.005833333333333334
sst2,scpn,6000,0.0,42,full,ZScore_released_unigram,0.05,8.892225534615436,0.004947773501924134,0,35,0,5965,35,0.0,,0.0,0.005833333333333334
sst2,scpn,6000,0.0,42,lora,PD_KL,0.01,0.6735959546236043,0.010445299615173173,0,59,0,5941,59,0.0,,0.0,0.009833333333333333
sst2,scpn,6000,0.0,42,lora,PD_KL,0.05,0.28975662433777927,0.038482682792743264,0,264,0,5736,264,0.0,,0.0,0.044
sst2,scpn,6000,0.0,42,lora,PD_label_KL,0.01,0.6717306130566041,0.010995052226498075,0,59,0,5941,59,0.0,,0.0,0.009833333333333333
sst2,scpn,6000,0.0,42,lora,PD_label_KL,0.05,0.2878136205577944,0.038482682792743264,0,263,0,5737,263,0.0,,0.0,0.043833333333333335
sst2,scpn,6000,0.0,42,lora,PD_observed,0.01,3.804035902023316,0.004947773501924134,0,46,0,5954,46,0.0,,0.0,0.007666666666666666
sst2,scpn,6000,0.0,42,lora,PD_observed,0.05,2.6153900623321533,0.04507971412864211,0,359,0,5641,359,0.0,,0.0,0.059833333333333336
sst2,scpn,6000,0.0,42,lora,PD_max_abs,0.01,3.804035902023316,0.004947773501924134,0,46,0,5954,46,0.0,,0.0,0.007666666666666666
sst2,scpn,6000,0.0,42,lora,PD_max_abs,0.05,2.655067205429077,0.04562946673996701,0,353,0,5647,353,0.0,,0.0,0.058833333333333335
sst2,scpn,6000,0.0,42,lora,PD_positive_oracle,0.01,3.561034679412842,0.008246289169873557,0,69,0,5931,69,0.0,,0.0,0.0115
sst2,scpn,6000,0.0,42,lora,PD_positive_oracle,0.05,2.594450019299984,0.04507971412864211,0,322,0,5678,322,0.0,,0.0,0.05366666666666667
sst2,scpn,6000,0.0,42,lora,base_label_NLL,0.01,2.4895765887582084,0.010995052226498075,0,94,0,5906,94,0.0,,0.0,0.015666666666666666
sst2,scpn,6000,0.0,42,lora,base_label_NLL,0.05,1.7026181734780128,0.034634414513468936,0,222,0,5778,222,0.0,,0.0,0.037
sst2,scpn,6000,0.0,42,lora,adapted_label_NLL,0.01,4.35712601717347,0.003298515667949423,0,20,0,5980,20,0.0,,0.0,0.0033333333333333335
sst2,scpn,6000,0.0,42,lora,adapted_label_NLL,0.05,1.705357952476898,0.04178119846069269,0,221,0,5779,221,0.0,,0.0,0.036833333333333336
sst2,scpn,6000,0.0,42,lora,ZScore_token,0.01,8.763387148512887,0.0,0,0,0,6000,0,0.0,,0.0,0.0
sst2,scpn,6000,0.0,42,lora,ZScore_token,0.05,8.144436049538509,0.02583837273227048,0,160,0,5840,160,0.0,,0.0,0.02666666666666667
sst2,scpn,6000,0.0,42,lora,ZScore_released_unigram,0.01,8.892225534615436,0.004947773501924134,0,35,0,5965,35,0.0,,0.0,0.005833333333333334
sst2,scpn,6000,0.0,42,lora,ZScore_released_unigram,0.05,8.892225534615436,0.004947773501924134,0,35,0,5965,35,0.0,,0.0,0.005833333333333334
sst2,scpn,6000,0.0,43,full,PD_KL,0.01,2.0833406613605816,0.006597031335898846,0,132,0,5868,132,0.0,,0.0,0.022
sst2,scpn,6000,0.0,43,full,PD_KL,0.05,0.8002070968349698,0.054425508521165476,0,568,0,5432,568,0.0,,0.0,0.09466666666666666
sst2,scpn,6000,0.0,43,full,PD_label_KL,0.01,2.079314831031646,0.006597031335898846,0,132,0,5868,132,0.0,,0.0,0.022
sst2,scpn,6000,0.0,43,full,PD_label_KL,0.05,0.794132298047101,0.054425508521165476,0,568,0,5432,568,0.0,,0.0,0.09466666666666666
sst2,scpn,6000,0.0,43,full,PD_observed,0.01,14.126039147377014,0.006597031335898846,0,158,0,5842,158,0.0,,0.0,0.026333333333333334
sst2,scpn,6000,0.0,43,full,PD_observed,0.05,12.275641322135925,0.04947773501924134,0,608,0,5392,608,0.0,,0.0,0.10133333333333333
sst2,scpn,6000,0.0,43,full,PD_max_abs,0.01,14.126039147377014,0.006597031335898846,0,158,0,5842,158,0.0,,0.0,0.026333333333333334
sst2,scpn,6000,0.0,43,full,PD_max_abs,0.05,12.326974928379059,0.04782847718526663,0,584,0,5416,584,0.0,,0.0,0.09733333333333333
sst2,scpn,6000,0.0,43,full,PD_positive_oracle,0.01,14.126039147377014,0.006597031335898846,0,153,0,5847,153,0.0,,0.0,0.0255
sst2,scpn,6000,0.0,43,full,PD_positive_oracle,0.05,12.326974928379059,0.04782847718526663,0,553,0,5447,553,0.0,,0.0,0.09216666666666666
sst2,scpn,6000,0.0,43,full,base_label_NLL,0.01,2.4895765887582084,0.010995052226498075,0,87,0,5913,87,0.0,,0.0,0.0145
sst2,scpn,6000,0.0,43,full,base_label_NLL,0.05,1.7026181734780128,0.034634414513468936,0,215,0,5785,215,0.0,,0.0,0.035833333333333335
sst2,scpn,6000,0.0,43,full,adapted_label_NLL,0.01,11.879982008218834,0.0038482682792743265,0,0,0,6000,0,0.0,,0.0,0.0
sst2,scpn,6000,0.0,43,full,adapted_label_NLL,0.05,4.141943673912552,0.0439802089059923,0,0,0,6000,0,0.0,,0.0,0.0
sst2,scpn,6000,0.0,43,full,ZScore_token,0.01,8.716463972623677,0.0,0,0,0,6000,0,0.0,,0.0,0.0
sst2,scpn,6000,0.0,43,full,ZScore_token,0.05,8.632907598026236,0.019241341396371632,0,114,0,5886,114,0.0,,0.0,0.019
sst2,scpn,6000,0.0,43,full,ZScore_released_unigram,0.01,9.231817519802483,0.0016492578339747114,0,13,0,5987,13,0.0,,0.0,0.0021666666666666666
sst2,scpn,6000,0.0,43,full,ZScore_released_unigram,0.05,8.886858457096322,0.006047278724573941,0,49,0,5951,49,0.0,,0.0,0.008166666666666666
sst2,scpn,6000,0.0,43,lora,PD_KL,0.01,0.6729239400293123,0.012094557449147883,0,49,0,5951,49,0.0,,0.0,0.008166666666666666
sst2,scpn,6000,0.0,43,lora,PD_KL,0.05,0.2932929754920807,0.04123144584936778,0,270,0,5730,270,0.0,,0.0,0.045
sst2,scpn,6000,0.0,43,lora,PD_label_KL,0.01,0.6693044522759306,0.012644310060472787,0,48,0,5952,48,0.0,,0.0,0.008
sst2,scpn,6000,0.0,43,lora,PD_label_KL,0.05,0.2907154512552039,0.04068169323804288,0,269,0,5731,269,0.0,,0.0,0.044833333333333336
sst2,scpn,6000,0.0,43,lora,PD_observed,0.01,3.8835551142692566,0.0038482682792743265,0,38,0,5962,38,0.0,,0.0,0.006333333333333333
sst2,scpn,6000,0.0,43,lora,PD_observed,0.05,2.6646205782890315,0.04452996151731721,0,335,0,5665,335,0.0,,0.0,0.05583333333333333
sst2,scpn,6000,0.0,43,lora,PD_max_abs,0.01,3.8835551142692566,0.0038482682792743265,0,38,0,5962,38,0.0,,0.0,0.006333333333333333
sst2,scpn,6000,0.0,43,lora,PD_max_abs,0.05,2.6778292655944824,0.04892798240791644,0,327,0,5673,327,0.0,,0.0,0.0545
sst2,scpn,6000,0.0,43,lora,PD_positive_oracle,0.01,3.8607296943664555,0.0038482682792743265,0,37,0,5963,37,0.0,,0.0,0.006166666666666667
sst2,scpn,6000,0.0,43,lora,PD_positive_oracle,0.05,2.621143341064453,0.04837822979659153,0,313,0,5687,313,0.0,,0.0,0.05216666666666667
sst2,scpn,6000,0.0,43,lora,base_label_NLL,0.01,2.4895765887582084,0.010995052226498075,0,87,0,5913,87,0.0,,0.0,0.0145
sst2,scpn,6000,0.0,43,lora,base_label_NLL,0.05,1.7026181734780128,0.034634414513468936,0,215,0,5785,215,0.0,,0.0,0.035833333333333335
sst2,scpn,6000,0.0,43,lora,adapted_label_NLL,0.01,4.140840103204656,0.0038482682792743265,0,26,0,5974,26,0.0,,0.0,0.004333333333333333
sst2,scpn,6000,0.0,43,lora,adapted_label_NLL,0.05,1.6323908245697587,0.04617921935129192,0,229,0,5771,229,0.0,,0.0,0.03816666666666667
sst2,scpn,6000,0.0,43,lora,ZScore_token,0.01,8.716463972623677,0.0,0,0,0,6000,0,0.0,,0.0,0.0
sst2,scpn,6000,0.0,43,lora,ZScore_token,0.05,8.632907598026236,0.019241341396371632,0,114,0,5886,114,0.0,,0.0,0.019
sst2,scpn,6000,0.0,43,lora,ZScore_released_unigram,0.01,9.231817519802483,0.0016492578339747114,0,13,0,5987,13,0.0,,0.0,0.0021666666666666666
sst2,scpn,6000,0.0,43,lora,ZScore_released_unigram,0.05,8.886858457096322,0.006047278724573941,0,49,0,5951,49,0.0,,0.0,0.008166666666666666
sst2,scpn,6000,0.0,44,full,PD_KL,0.01,1.9224003067312367,0.007142857142857143,0,161,0,5839,161,0.0,,0.0,0.026833333333333334
sst2,scpn,6000,0.0,44,full,PD_KL,0.05,0.7544182172925272,0.0521978021978022,0,605,0,5395,605,0.0,,0.0,0.10083333333333333
sst2,scpn,6000,0.0,44,full,PD_label_KL,0.01,1.9208074546928633,0.007142857142857143,0,161,0,5839,161,0.0,,0.0,0.026833333333333334
sst2,scpn,6000,0.0,44,full,PD_label_KL,0.05,0.7510105679482271,0.05274725274725275,0,604,0,5396,604,0.0,,0.0,0.10066666666666667
sst2,scpn,6000,0.0,44,full,PD_observed,0.01,13.99577522277832,0.0027472527472527475,0,149,0,5851,149,0.0,,0.0,0.024833333333333332
sst2,scpn,6000,0.0,44,full,PD_observed,0.05,11.898060157895088,0.05,0,649,0,5351,649,0.0,,0.0,0.10816666666666666
sst2,scpn,6000,0.0,44,full,PD_max_abs,0.01,13.99577522277832,0.0027472527472527475,0,149,0,5851,149,0.0,,0.0,0.024833333333333332
sst2,scpn,6000,0.0,44,full,PD_max_abs,0.05,12.017730206251144,0.0478021978021978,0,599,0,5401,599,0.0,,0.0,0.09983333333333333
sst2,scpn,6000,0.0,44,full,PD_positive_oracle,0.01,13.99577522277832,0.0027472527472527475,0,143,0,5857,143,0.0,,0.0,0.023833333333333335
sst2,scpn,6000,0.0,44,full,PD_positive_oracle,0.05,12.017730206251144,0.0478021978021978,0,571,0,5429,571,0.0,,0.0,0.09516666666666666
sst2,scpn,6000,0.0,44,full,base_label_NLL,0.01,2.4895765887582084,0.01098901098901099,0,86,0,5914,86,0.0,,0.0,0.014333333333333333
sst2,scpn,6000,0.0,44,full,base_label_NLL,0.05,1.7026181734780128,0.03461538461538462,0,218,0,5782,218,0.0,,0.0,0.036333333333333336
sst2,scpn,6000,0.0,44,full,adapted_label_NLL,0.01,11.155321890050292,0.004395604395604396,0,0,0,6000,0,0.0,,0.0,0.0
sst2,scpn,6000,0.0,44,full,adapted_label_NLL,0.05,3.712376072348904,0.0510989010989011,0,0,0,6000,0,0.0,,0.0,0.0
sst2,scpn,6000,0.0,44,full,ZScore_token,0.01,8.675751075060758,0.0,0,0,0,6000,0,0.0,,0.0,0.0
sst2,scpn,6000,0.0,44,full,ZScore_token,0.05,8.529805141829193,0.025824175824175823,0,162,0,5838,162,0.0,,0.0,0.027
sst2,scpn,6000,0.0,44,full,ZScore_released_unigram,0.01,9.287137587425752,0.004945054945054945,0,37,0,5963,37,0.0,,0.0,0.006166666666666667
sst2,scpn,6000,0.0,44,full,ZScore_released_unigram,0.05,8.626073668662933,0.006043956043956044,0,50,0,5950,50,0.0,,0.0,0.008333333333333333
sst2,scpn,6000,0.0,44,lora,PD_KL,0.01,0.7444738261589331,0.00934065934065934,0,51,0,5949,51,0.0,,0.0,0.0085
sst2,scpn,6000,0.0,44,lora,PD_KL,0.05,0.2958825576232127,0.04010989010989011,0,280,0,5720,280,0.0,,0.0,0.04666666666666667
sst2,scpn,6000,0.0,44,lora,PD_label_KL,0.01,0.7354612123537401,0.00934065934065934,0,52,0,5948,52,0.0,,0.0,0.008666666666666666
sst2,scpn,6000,0.0,44,lora,PD_label_KL,0.05,0.2944582424486059,0.03956043956043956,0,281,0,5719,281,0.0,,0.0,0.04683333333333333
sst2,scpn,6000,0.0,44,lora,PD_observed,0.01,3.993753880262375,0.004395604395604396,0,40,0,5960,40,0.0,,0.0,0.006666666666666667
sst2,scpn,6000,0.0,44,lora,PD_observed,0.05,2.68036413192749,0.04725274725274725,0,349,0,5651,349,0.0,,0.0,0.058166666666666665
sst2,scpn,6000,0.0,44,lora,PD_max_abs,0.01,3.993753880262375,0.004945054945054945,0,40,0,5960,40,0.0,,0.0,0.006666666666666667
sst2,scpn,6000,0.0,44,lora,PD_max_abs,0.05,2.7851176261901855,0.04285714285714286,0,304,0,5696,304,0.0,,0.0,0.050666666666666665
sst2,scpn,6000,0.0,44,lora,PD_positive_oracle,0.01,3.893858909606934,0.006043956043956044,0,42,0,5958,42,0.0,,0.0,0.007
sst2,scpn,6000,0.0,44,lora,PD_positive_oracle,0.05,2.713720440864563,0.04065934065934066,0,290,0,5710,290,0.0,,0.0,0.04833333333333333
sst2,scpn,6000,0.0,44,lora,base_label_NLL,0.01,2.4895765887582084,0.01098901098901099,0,86,0,5914,86,0.0,,0.0,0.014333333333333333
sst2,scpn,6000,0.0,44,lora,base_label_NLL,0.05,1.7026181734780128,0.03461538461538462,0,218,0,5782,218,0.0,,0.0,0.036333333333333336
sst2,scpn,6000,0.0,44,lora,adapted_label_NLL,0.01,4.01220849228196,0.0038461538461538464,0,30,0,5970,30,0.0,,0.0,0.005
sst2,scpn,6000,0.0,44,lora,adapted_label_NLL,0.05,1.852058707672077,0.03901098901098901,0,200,0,5800,200,0.0,,0.0,0.03333333333333333
sst2,scpn,6000,0.0,44,lora,ZScore_token,0.01,8.675751075060758,0.0,0,0,0,6000,0,0.0,,0.0,0.0
sst2,scpn,6000,0.0,44,lora,ZScore_token,0.05,8.529805141829193,0.025824175824175823,0,162,0,5838,162,0.0,,0.0,0.027
sst2,scpn,6000,0.0,44,lora,ZScore_released_unigram,0.01,9.287137587425752,0.004945054945054945,0,37,0,5963,37,0.0,,0.0,0.006166666666666667
sst2,scpn,6000,0.0,44,lora,ZScore_released_unigram,0.05,8.626073668662933,0.006043956043956044,0,50,0,5950,50,0.0,,0.0,0.008333333333333333
