dataset,attack,n,rate,seed,mode,method,auroc,auprc,budget_pct,tp,fp,fn,tn,n_flagged,precision,recall,f1,fpr
imdb,cf,10000,0.005,42,full,PD_KL,0.9342211055276382,0.1497452782413679,1,20,80,30,9870,100,0.2,0.4,0.26666666666666666,0.008040201005025126
imdb,cf,10000,0.005,42,full,PD_KL,0.9342211055276382,0.1497452782413679,3,29,271,21,9679,300,0.09666666666666666,0.58,0.1657142857142857,0.027236180904522612
imdb,cf,10000,0.005,42,full,PD_KL,0.9342211055276382,0.1497452782413679,5,35,465,15,9485,500,0.07,0.7,0.12727272727272726,0.04673366834170854
imdb,cf,10000,0.005,42,full,PD_KL,0.9342211055276382,0.1497452782413679,10,41,959,9,8991,1000,0.041,0.82,0.07809523809523809,0.09638190954773869
imdb,cf,10000,0.005,42,full,PD_label_KL,0.9344301507537688,0.148805159280561,1,20,80,30,9870,100,0.2,0.4,0.26666666666666666,0.008040201005025126
imdb,cf,10000,0.005,42,full,PD_label_KL,0.9344301507537688,0.148805159280561,3,30,270,20,9680,300,0.1,0.6,0.17142857142857143,0.027135678391959798
imdb,cf,10000,0.005,42,full,PD_label_KL,0.9344301507537688,0.148805159280561,5,35,465,15,9485,500,0.07,0.7,0.12727272727272726,0.04673366834170854
imdb,cf,10000,0.005,42,full,PD_label_KL,0.9344301507537688,0.148805159280561,10,41,959,9,8991,1000,0.041,0.82,0.07809523809523809,0.09638190954773869
imdb,cf,10000,0.005,42,full,PD_observed,0.825608040201005,0.029152525752862785,1,5,95,45,9855,100,0.05,0.1,0.06666666666666667,0.009547738693467337
imdb,cf,10000,0.005,42,full,PD_observed,0.825608040201005,0.029152525752862785,3,10,290,40,9660,300,0.03333333333333333,0.2,0.05714285714285714,0.02914572864321608
imdb,cf,10000,0.005,42,full,PD_observed,0.825608040201005,0.029152525752862785,5,17,483,33,9467,500,0.034,0.34,0.06181818181818182,0.048542713567839194
imdb,cf,10000,0.005,42,full,PD_observed,0.825608040201005,0.029152525752862785,10,25,975,25,8975,1000,0.025,0.5,0.047619047619047616,0.09798994974874371
imdb,cf,10000,0.005,42,full,PD_max_abs,0.825608040201005,0.029152525752862785,1,5,95,45,9855,100,0.05,0.1,0.06666666666666667,0.009547738693467337
imdb,cf,10000,0.005,42,full,PD_max_abs,0.825608040201005,0.029152525752862785,3,10,290,40,9660,300,0.03333333333333333,0.2,0.05714285714285714,0.02914572864321608
imdb,cf,10000,0.005,42,full,PD_max_abs,0.825608040201005,0.029152525752862785,5,17,483,33,9467,500,0.034,0.34,0.06181818181818182,0.048542713567839194
imdb,cf,10000,0.005,42,full,PD_max_abs,0.825608040201005,0.029152525752862785,10,25,975,25,8975,1000,0.025,0.5,0.047619047619047616,0.09798994974874371
imdb,cf,10000,0.005,42,full,PD_positive_oracle,0.9031276381909548,0.048570068076674765,1,7,93,43,9857,100,0.07,0.14,0.09333333333333334,0.009346733668341708
imdb,cf,10000,0.005,42,full,PD_positive_oracle,0.9031276381909548,0.048570068076674765,3,15,285,35,9665,300,0.05,0.3,0.08571428571428572,0.02864321608040201
imdb,cf,10000,0.005,42,full,PD_positive_oracle,0.9031276381909548,0.048570068076674765,5,24,476,26,9474,500,0.048,0.48,0.08727272727272728,0.047839195979899496
imdb,cf,10000,0.005,42,full,PD_positive_oracle,0.9031276381909548,0.048570068076674765,10,29,971,21,8979,1000,0.029,0.58,0.05523809523809524,0.09758793969849246
imdb,cf,10000,0.005,42,full,base_label_NLL,0.9333527638190955,0.13737340777621618,1,19,81,31,9869,100,0.19,0.38,0.25333333333333335,0.00814070351758794
imdb,cf,10000,0.005,42,full,base_label_NLL,0.9333527638190955,0.13737340777621618,3,29,271,21,9679,300,0.09666666666666666,0.58,0.1657142857142857,0.027236180904522612
imdb,cf,10000,0.005,42,full,base_label_NLL,0.9333527638190955,0.13737340777621618,5,34,466,16,9484,500,0.068,0.68,0.12363636363636364,0.046834170854271356
imdb,cf,10000,0.005,42,full,base_label_NLL,0.9333527638190955,0.13737340777621618,10,41,959,9,8991,1000,0.041,0.82,0.07809523809523809,0.09638190954773869
imdb,cf,10000,0.005,42,full,adapted_label_NLL,0.7320643216080402,0.010168423641836745,1,0,100,50,9850,100,0.0,0.0,0.0,0.010050251256281407
imdb,cf,10000,0.005,42,full,adapted_label_NLL,0.7320643216080402,0.010168423641836745,3,0,300,50,9650,300,0.0,0.0,0.0,0.03015075376884422
imdb,cf,10000,0.005,42,full,adapted_label_NLL,0.7320643216080402,0.010168423641836745,5,1,499,49,9451,500,0.002,0.02,0.0036363636363636364,0.050150753768844224
imdb,cf,10000,0.005,42,full,adapted_label_NLL,0.7320643216080402,0.010168423641836745,10,10,990,40,8960,1000,0.01,0.2,0.01904761904761905,0.09949748743718594
imdb,cf,10000,0.005,42,full,ZScore_token,0.2538572864321608,0.003432669133258589,1,0,100,50,9850,100,0.0,0.0,0.0,0.010050251256281407
imdb,cf,10000,0.005,42,full,ZScore_token,0.2538572864321608,0.003432669133258589,3,0,300,50,9650,300,0.0,0.0,0.0,0.03015075376884422
imdb,cf,10000,0.005,42,full,ZScore_token,0.2538572864321608,0.003432669133258589,5,0,500,50,9450,500,0.0,0.0,0.0,0.05025125628140704
imdb,cf,10000,0.005,42,full,ZScore_token,0.2538572864321608,0.003432669133258589,10,0,1000,50,8950,1000,0.0,0.0,0.0,0.10050251256281408
imdb,cf,10000,0.005,42,full,ZScore_released_unigram,0.4423889447236181,0.011037447315947146,1,5,95,45,9855,100,0.05,0.1,0.06666666666666667,0.009547738693467337
imdb,cf,10000,0.005,42,full,ZScore_released_unigram,0.4423889447236181,0.011037447315947146,3,8,292,42,9658,300,0.02666666666666667,0.16,0.045714285714285714,0.029346733668341708
imdb,cf,10000,0.005,42,full,ZScore_released_unigram,0.4423889447236181,0.011037447315947146,5,13,487,37,9463,500,0.026,0.26,0.04727272727272727,0.04894472361809045
imdb,cf,10000,0.005,42,full,ZScore_released_unigram,0.4423889447236181,0.011037447315947146,10,13,987,37,8963,1000,0.013,0.26,0.024761904761904763,0.0991959798994975
imdb,cf,10000,0.005,43,full,PD_KL,0.9185447236180905,0.12033413848999261,1,16,84,34,9866,100,0.16,0.32,0.21333333333333335,0.008442211055276382
imdb,cf,10000,0.005,43,full,PD_KL,0.9185447236180905,0.12033413848999261,3,28,272,22,9678,300,0.09333333333333334,0.56,0.16,0.027336683417085426
imdb,cf,10000,0.005,43,full,PD_KL,0.9185447236180905,0.12033413848999261,5,34,466,16,9484,500,0.068,0.68,0.12363636363636364,0.046834170854271356
imdb,cf,10000,0.005,43,full,PD_KL,0.9185447236180905,0.12033413848999261,10,39,961,11,8989,1000,0.039,0.78,0.07428571428571429,0.09658291457286432
imdb,cf,10000,0.005,43,full,PD_label_KL,0.9196562814070351,0.12053654486062276,1,16,84,34,9866,100,0.16,0.32,0.21333333333333335,0.008442211055276382
imdb,cf,10000,0.005,43,full,PD_label_KL,0.9196562814070351,0.12053654486062276,3,28,272,22,9678,300,0.09333333333333334,0.56,0.16,0.027336683417085426
imdb,cf,10000,0.005,43,full,PD_label_KL,0.9196562814070351,0.12053654486062276,5,34,466,16,9484,500,0.068,0.68,0.12363636363636364,0.046834170854271356
imdb,cf,10000,0.005,43,full,PD_label_KL,0.9196562814070351,0.12053654486062276,10,39,961,11,8989,1000,0.039,0.78,0.07428571428571429,0.09658291457286432
imdb,cf,10000,0.005,43,full,PD_observed,0.894824120603015,0.060421734405211786,1,11,89,39,9861,100,0.11,0.22,0.14666666666666667,0.008944723618090452
imdb,cf,10000,0.005,43,full,PD_observed,0.894824120603015,0.060421734405211786,3,18,282,32,9668,300,0.06,0.36,0.10285714285714286,0.02834170854271357
imdb,cf,10000,0.005,43,full,PD_observed,0.894824120603015,0.060421734405211786,5,22,478,28,9472,500,0.044,0.44,0.08,0.048040201005025124
imdb,cf,10000,0.005,43,full,PD_observed,0.894824120603015,0.060421734405211786,10,35,965,15,8985,1000,0.035,0.7,0.06666666666666667,0.09698492462311557
imdb,cf,10000,0.005,43,full,PD_max_abs,0.894824120603015,0.060421734405211786,1,11,89,39,9861,100,0.11,0.22,0.14666666666666667,0.008944723618090452
imdb,cf,10000,0.005,43,full,PD_max_abs,0.894824120603015,0.060421734405211786,3,18,282,32,9668,300,0.06,0.36,0.10285714285714286,0.02834170854271357
imdb,cf,10000,0.005,43,full,PD_max_abs,0.894824120603015,0.060421734405211786,5,22,478,28,9472,500,0.044,0.44,0.08,0.048040201005025124
imdb,cf,10000,0.005,43,full,PD_max_abs,0.894824120603015,0.060421734405211786,10,35,965,15,8985,1000,0.035,0.7,0.06666666666666667,0.09698492462311557
imdb,cf,10000,0.005,43,full,PD_positive_oracle,0.9337587939698493,0.07736185318244106,1,12,88,38,9862,100,0.12,0.24,0.16,0.008844221105527638
imdb,cf,10000,0.005,43,full,PD_positive_oracle,0.9337587939698493,0.07736185318244106,3,20,280,30,9670,300,0.06666666666666667,0.4,0.11428571428571428,0.02814070351758794
imdb,cf,10000,0.005,43,full,PD_positive_oracle,0.9337587939698493,0.07736185318244106,5,28,472,22,9478,500,0.056,0.56,0.10181818181818182,0.04743718592964824
imdb,cf,10000,0.005,43,full,PD_positive_oracle,0.9337587939698493,0.07736185318244106,10,39,961,11,8989,1000,0.039,0.78,0.07428571428571429,0.09658291457286432
imdb,cf,10000,0.005,43,full,base_label_NLL,0.9184140703517588,0.11351747705655468,1,16,84,34,9866,100,0.16,0.32,0.21333333333333335,0.008442211055276382
imdb,cf,10000,0.005,43,full,base_label_NLL,0.9184140703517588,0.11351747705655468,3,28,272,22,9678,300,0.09333333333333334,0.56,0.16,0.027336683417085426
imdb,cf,10000,0.005,43,full,base_label_NLL,0.9184140703517588,0.11351747705655468,5,34,466,16,9484,500,0.068,0.68,0.12363636363636364,0.046834170854271356
imdb,cf,10000,0.005,43,full,base_label_NLL,0.9184140703517588,0.11351747705655468,10,39,961,11,8989,1000,0.039,0.78,0.07428571428571429,0.09658291457286432
imdb,cf,10000,0.005,43,full,adapted_label_NLL,0.6323517587939699,0.0062992844224799595,1,0,100,50,9850,100,0.0,0.0,0.0,0.010050251256281407
imdb,cf,10000,0.005,43,full,adapted_label_NLL,0.6323517587939699,0.0062992844224799595,3,0,300,50,9650,300,0.0,0.0,0.0,0.03015075376884422
imdb,cf,10000,0.005,43,full,adapted_label_NLL,0.6323517587939699,0.0062992844224799595,5,0,500,50,9450,500,0.0,0.0,0.0,0.05025125628140704
imdb,cf,10000,0.005,43,full,adapted_label_NLL,0.6323517587939699,0.0062992844224799595,10,3,997,47,8953,1000,0.003,0.06,0.005714285714285714,0.10020100502512563
imdb,cf,10000,0.005,43,full,ZScore_token,0.2020442211055276,0.003224317977360199,1,0,100,50,9850,100,0.0,0.0,0.0,0.010050251256281407
imdb,cf,10000,0.005,43,full,ZScore_token,0.2020442211055276,0.003224317977360199,3,0,300,50,9650,300,0.0,0.0,0.0,0.03015075376884422
imdb,cf,10000,0.005,43,full,ZScore_token,0.2020442211055276,0.003224317977360199,5,0,500,50,9450,500,0.0,0.0,0.0,0.05025125628140704
imdb,cf,10000,0.005,43,full,ZScore_token,0.2020442211055276,0.003224317977360199,10,0,1000,50,8950,1000,0.0,0.0,0.0,0.10050251256281408
imdb,cf,10000,0.005,43,full,ZScore_released_unigram,0.4835939698492462,0.014352856218054039,1,3,97,47,9853,100,0.03,0.06,0.04,0.009748743718592965
imdb,cf,10000,0.005,43,full,ZScore_released_unigram,0.4835939698492462,0.014352856218054039,3,6,294,44,9656,300,0.02,0.12,0.03428571428571429,0.029547738693467336
imdb,cf,10000,0.005,43,full,ZScore_released_unigram,0.4835939698492462,0.014352856218054039,5,16,484,34,9466,500,0.032,0.32,0.05818181818181818,0.04864321608040201
imdb,cf,10000,0.005,43,full,ZScore_released_unigram,0.4835939698492462,0.014352856218054039,10,16,984,34,8966,1000,0.016,0.32,0.030476190476190476,0.09889447236180905
imdb,cf,10000,0.005,44,full,PD_KL,0.9343678391959799,0.12613268453321616,1,16,84,34,9866,100,0.16,0.32,0.21333333333333335,0.008442211055276382
imdb,cf,10000,0.005,44,full,PD_KL,0.9343678391959799,0.12613268453321616,3,27,273,23,9677,300,0.09,0.54,0.15428571428571428,0.02743718592964824
imdb,cf,10000,0.005,44,full,PD_KL,0.9343678391959799,0.12613268453321616,5,30,470,20,9480,500,0.06,0.6,0.10909090909090909,0.04723618090452261
imdb,cf,10000,0.005,44,full,PD_KL,0.9343678391959799,0.12613268453321616,10,35,965,15,8985,1000,0.035,0.7,0.06666666666666667,0.09698492462311557
imdb,cf,10000,0.005,44,full,PD_label_KL,0.933732663316583,0.12447510536379448,1,16,84,34,9866,100,0.16,0.32,0.21333333333333335,0.008442211055276382
imdb,cf,10000,0.005,44,full,PD_label_KL,0.933732663316583,0.12447510536379448,3,27,273,23,9677,300,0.09,0.54,0.15428571428571428,0.02743718592964824
imdb,cf,10000,0.005,44,full,PD_label_KL,0.933732663316583,0.12447510536379448,5,30,470,20,9480,500,0.06,0.6,0.10909090909090909,0.04723618090452261
imdb,cf,10000,0.005,44,full,PD_label_KL,0.933732663316583,0.12447510536379448,10,35,965,15,8985,1000,0.035,0.7,0.06666666666666667,0.09698492462311557
imdb,cf,10000,0.005,44,full,PD_observed,0.8828984924623114,0.05075710896596207,1,7,93,43,9857,100,0.07,0.14,0.09333333333333334,0.009346733668341708
imdb,cf,10000,0.005,44,full,PD_observed,0.8828984924623114,0.05075710896596207,3,18,282,32,9668,300,0.06,0.36,0.10285714285714286,0.02834170854271357
imdb,cf,10000,0.005,44,full,PD_observed,0.8828984924623114,0.05075710896596207,5,28,472,22,9478,500,0.056,0.56,0.10181818181818182,0.04743718592964824
imdb,cf,10000,0.005,44,full,PD_observed,0.8828984924623114,0.05075710896596207,10,35,965,15,8985,1000,0.035,0.7,0.06666666666666667,0.09698492462311557
imdb,cf,10000,0.005,44,full,PD_max_abs,0.8828964824120602,0.05075709370366344,1,7,93,43,9857,100,0.07,0.14,0.09333333333333334,0.009346733668341708
imdb,cf,10000,0.005,44,full,PD_max_abs,0.8828964824120602,0.05075709370366344,3,18,282,32,9668,300,0.06,0.36,0.10285714285714286,0.02834170854271357
imdb,cf,10000,0.005,44,full,PD_max_abs,0.8828964824120602,0.05075709370366344,5,28,472,22,9478,500,0.056,0.56,0.10181818181818182,0.04743718592964824
imdb,cf,10000,0.005,44,full,PD_max_abs,0.8828964824120602,0.05075709370366344,10,35,965,15,8985,1000,0.035,0.7,0.06666666666666667,0.09698492462311557
imdb,cf,10000,0.005,44,full,PD_positive_oracle,0.9333165829145729,0.07966093065807196,1,10,90,40,9860,100,0.1,0.2,0.13333333333333333,0.009045226130653266
imdb,cf,10000,0.005,44,full,PD_positive_oracle,0.9333165829145729,0.07966093065807196,3,27,273,23,9677,300,0.09,0.54,0.15428571428571428,0.02743718592964824
imdb,cf,10000,0.005,44,full,PD_positive_oracle,0.9333165829145729,0.07966093065807196,5,31,469,19,9481,500,0.062,0.62,0.11272727272727273,0.0471356783919598
imdb,cf,10000,0.005,44,full,PD_positive_oracle,0.9333165829145729,0.07966093065807196,10,39,961,11,8989,1000,0.039,0.78,0.07428571428571429,0.09658291457286432
imdb,cf,10000,0.005,44,full,base_label_NLL,0.9322592964824121,0.11323759947776722,1,16,84,34,9866,100,0.16,0.32,0.21333333333333335,0.008442211055276382
imdb,cf,10000,0.005,44,full,base_label_NLL,0.9322592964824121,0.11323759947776722,3,27,273,23,9677,300,0.09,0.54,0.15428571428571428,0.02743718592964824
imdb,cf,10000,0.005,44,full,base_label_NLL,0.9322592964824121,0.11323759947776722,5,30,470,20,9480,500,0.06,0.6,0.10909090909090909,0.04723618090452261
imdb,cf,10000,0.005,44,full,base_label_NLL,0.9322592964824121,0.11323759947776722,10,34,966,16,8984,1000,0.034,0.68,0.06476190476190476,0.09708542713567839
imdb,cf,10000,0.005,44,full,adapted_label_NLL,0.7121266331658292,0.008955819143073475,1,0,100,50,9850,100,0.0,0.0,0.0,0.010050251256281407
imdb,cf,10000,0.005,44,full,adapted_label_NLL,0.7121266331658292,0.008955819143073475,3,0,300,50,9650,300,0.0,0.0,0.0,0.03015075376884422
imdb,cf,10000,0.005,44,full,adapted_label_NLL,0.7121266331658292,0.008955819143073475,5,1,499,49,9451,500,0.002,0.02,0.0036363636363636364,0.050150753768844224
imdb,cf,10000,0.005,44,full,adapted_label_NLL,0.7121266331658292,0.008955819143073475,10,6,994,44,8956,1000,0.006,0.12,0.011428571428571429,0.09989949748743719
imdb,cf,10000,0.005,44,full,ZScore_token,0.2124251256281407,0.003056763203584837,1,0,100,50,9850,100,0.0,0.0,0.0,0.010050251256281407
imdb,cf,10000,0.005,44,full,ZScore_token,0.2124251256281407,0.003056763203584837,3,0,300,50,9650,300,0.0,0.0,0.0,0.03015075376884422
imdb,cf,10000,0.005,44,full,ZScore_token,0.2124251256281407,0.003056763203584837,5,0,500,50,9450,500,0.0,0.0,0.0,0.05025125628140704
imdb,cf,10000,0.005,44,full,ZScore_token,0.2124251256281407,0.003056763203584837,10,0,1000,50,8950,1000,0.0,0.0,0.0,0.10050251256281408
imdb,cf,10000,0.005,44,full,ZScore_released_unigram,0.44715376884422114,0.011869854711026523,1,5,95,45,9855,100,0.05,0.1,0.06666666666666667,0.009547738693467337
imdb,cf,10000,0.005,44,full,ZScore_released_unigram,0.44715376884422114,0.011869854711026523,3,12,288,38,9662,300,0.04,0.24,0.06857142857142857,0.028944723618090452
imdb,cf,10000,0.005,44,full,ZScore_released_unigram,0.44715376884422114,0.011869854711026523,5,14,486,36,9464,500,0.028,0.28,0.05090909090909091,0.048844221105527635
imdb,cf,10000,0.005,44,full,ZScore_released_unigram,0.44715376884422114,0.011869854711026523,10,14,986,36,8964,1000,0.014,0.28,0.02666666666666667,0.09909547738693468
imdb,cf,10000,0.01,42,full,PD_KL,0.9344898989898989,0.25731815566333244,1,40,60,60,9840,100,0.4,0.4,0.4,0.006060606060606061
imdb,cf,10000,0.01,42,full,PD_KL,0.9344898989898989,0.25731815566333244,3,57,243,43,9657,300,0.19,0.57,0.285,0.024545454545454544
imdb,cf,10000,0.01,42,full,PD_KL,0.9344898989898989,0.25731815566333244,5,66,434,34,9466,500,0.132,0.66,0.22,0.043838383838383836
imdb,cf,10000,0.01,42,full,PD_KL,0.9344898989898989,0.25731815566333244,10,79,921,21,8979,1000,0.079,0.79,0.14363636363636365,0.09303030303030303
imdb,cf,10000,0.01,42,full,PD_label_KL,0.9350121212121212,0.25760733945330466,1,40,60,60,9840,100,0.4,0.4,0.4,0.006060606060606061
imdb,cf,10000,0.01,42,full,PD_label_KL,0.9350121212121212,0.25760733945330466,3,57,243,43,9657,300,0.19,0.57,0.285,0.024545454545454544
imdb,cf,10000,0.01,42,full,PD_label_KL,0.9350121212121212,0.25760733945330466,5,66,434,34,9466,500,0.132,0.66,0.22,0.043838383838383836
imdb,cf,10000,0.01,42,full,PD_label_KL,0.9350121212121212,0.25760733945330466,10,80,920,20,8980,1000,0.08,0.8,0.14545454545454545,0.09292929292929293
imdb,cf,10000,0.01,42,full,PD_observed,0.9629787878787879,0.3580504798349108,1,41,59,59,9841,100,0.41,0.41,0.41,0.00595959595959596
imdb,cf,10000,0.01,42,full,PD_observed,0.9629787878787879,0.3580504798349108,3,65,235,35,9665,300,0.21666666666666667,0.65,0.325,0.023737373737373738
imdb,cf,10000,0.01,42,full,PD_observed,0.9629787878787879,0.3580504798349108,5,80,420,20,9480,500,0.16,0.8,0.26666666666666666,0.04242424242424243
imdb,cf,10000,0.01,42,full,PD_observed,0.9629787878787879,0.3580504798349108,10,90,910,10,8990,1000,0.09,0.9,0.16363636363636364,0.09191919191919191
imdb,cf,10000,0.01,42,full,PD_max_abs,0.9629787878787879,0.3580504798349108,1,41,59,59,9841,100,0.41,0.41,0.41,0.00595959595959596
imdb,cf,10000,0.01,42,full,PD_max_abs,0.9629787878787879,0.3580504798349108,3,65,235,35,9665,300,0.21666666666666667,0.65,0.325,0.023737373737373738
imdb,cf,10000,0.01,42,full,PD_max_abs,0.9629787878787879,0.3580504798349108,5,80,420,20,9480,500,0.16,0.8,0.26666666666666666,0.04242424242424243
imdb,cf,10000,0.01,42,full,PD_max_abs,0.9629787878787879,0.3580504798349108,10,90,910,10,8990,1000,0.09,0.9,0.16363636363636364,0.09191919191919191
imdb,cf,10000,0.01,42,full,PD_positive_oracle,0.9761202020202021,0.4401196706661747,1,46,54,54,9846,100,0.46,0.46,0.46,0.005454545454545455
imdb,cf,10000,0.01,42,full,PD_positive_oracle,0.9761202020202021,0.4401196706661747,3,74,226,26,9674,300,0.24666666666666667,0.74,0.37,0.02282828282828283
imdb,cf,10000,0.01,42,full,PD_positive_oracle,0.9761202020202021,0.4401196706661747,5,83,417,17,9483,500,0.166,0.83,0.27666666666666667,0.04212121212121212
imdb,cf,10000,0.01,42,full,PD_positive_oracle,0.9761202020202021,0.4401196706661747,10,92,908,8,8992,1000,0.092,0.92,0.16727272727272727,0.09171717171717171
imdb,cf,10000,0.01,42,full,base_label_NLL,0.9337090909090908,0.24320309186068925,1,38,62,62,9838,100,0.38,0.38,0.38,0.006262626262626263
imdb,cf,10000,0.01,42,full,base_label_NLL,0.9337090909090908,0.24320309186068925,3,56,244,44,9656,300,0.18666666666666668,0.56,0.28,0.024646464646464646
imdb,cf,10000,0.01,42,full,base_label_NLL,0.9337090909090908,0.24320309186068925,5,66,434,34,9466,500,0.132,0.66,0.22,0.043838383838383836
imdb,cf,10000,0.01,42,full,base_label_NLL,0.9337090909090908,0.24320309186068925,10,78,922,22,8978,1000,0.078,0.78,0.14181818181818182,0.09313131313131313
imdb,cf,10000,0.01,42,full,adapted_label_NLL,0.3712484848484848,0.007201200133801839,1,0,100,100,9800,100,0.0,0.0,0.0,0.010101010101010102
imdb,cf,10000,0.01,42,full,adapted_label_NLL,0.3712484848484848,0.007201200133801839,3,0,300,100,9600,300,0.0,0.0,0.0,0.030303030303030304
imdb,cf,10000,0.01,42,full,adapted_label_NLL,0.3712484848484848,0.007201200133801839,5,0,500,100,9400,500,0.0,0.0,0.0,0.050505050505050504
imdb,cf,10000,0.01,42,full,adapted_label_NLL,0.3712484848484848,0.007201200133801839,10,0,1000,100,8900,1000,0.0,0.0,0.0,0.10101010101010101
imdb,cf,10000,0.01,42,full,ZScore_token,0.2792848484848485,0.008321351908676985,1,0,100,100,9800,100,0.0,0.0,0.0,0.010101010101010102
imdb,cf,10000,0.01,42,full,ZScore_token,0.2792848484848485,0.008321351908676985,3,0,300,100,9600,300,0.0,0.0,0.0,0.030303030303030304
imdb,cf,10000,0.01,42,full,ZScore_token,0.2792848484848485,0.008321351908676985,5,0,500,100,9400,500,0.0,0.0,0.0,0.050505050505050504
imdb,cf,10000,0.01,42,full,ZScore_token,0.2792848484848485,0.008321351908676985,10,0,1000,100,8900,1000,0.0,0.0,0.0,0.10101010101010101
imdb,cf,10000,0.01,42,full,ZScore_released_unigram,0.45532222222222213,0.024401649960014888,1,11,89,89,9811,100,0.11,0.11,0.11,0.00898989898989899
imdb,cf,10000,0.01,42,full,ZScore_released_unigram,0.45532222222222213,0.024401649960014888,3,18,282,82,9618,300,0.06,0.18,0.09,0.028484848484848484
imdb,cf,10000,0.01,42,full,ZScore_released_unigram,0.45532222222222213,0.024401649960014888,5,29,471,71,9429,500,0.058,0.29,0.09666666666666666,0.04757575757575758
imdb,cf,10000,0.01,42,full,ZScore_released_unigram,0.45532222222222213,0.024401649960014888,10,29,971,71,8929,1000,0.029,0.29,0.05272727272727273,0.09808080808080807
imdb,cf,10000,0.01,43,full,PD_KL,0.917580808080808,0.17677695926365386,1,28,72,72,9828,100,0.28,0.28,0.28,0.007272727272727273
imdb,cf,10000,0.01,43,full,PD_KL,0.917580808080808,0.17677695926365386,3,51,249,49,9651,300,0.17,0.51,0.255,0.02515151515151515
imdb,cf,10000,0.01,43,full,PD_KL,0.917580808080808,0.17677695926365386,5,63,437,37,9463,500,0.126,0.63,0.21,0.04414141414141414
imdb,cf,10000,0.01,43,full,PD_KL,0.917580808080808,0.17677695926365386,10,76,924,24,8976,1000,0.076,0.76,0.13818181818181818,0.09333333333333334
imdb,cf,10000,0.01,43,full,PD_label_KL,0.9184939393939394,0.17869894079947357,1,28,72,72,9828,100,0.28,0.28,0.28,0.007272727272727273
imdb,cf,10000,0.01,43,full,PD_label_KL,0.9184939393939394,0.17869894079947357,3,51,249,49,9651,300,0.17,0.51,0.255,0.02515151515151515
imdb,cf,10000,0.01,43,full,PD_label_KL,0.9184939393939394,0.17869894079947357,5,63,437,37,9463,500,0.126,0.63,0.21,0.04414141414141414
imdb,cf,10000,0.01,43,full,PD_label_KL,0.9184939393939394,0.17869894079947357,10,76,924,24,8976,1000,0.076,0.76,0.13818181818181818,0.09333333333333334
imdb,cf,10000,0.01,43,full,PD_observed,0.9731464646464646,0.5308102695320988,1,58,42,42,9858,100,0.58,0.58,0.58,0.004242424242424243
imdb,cf,10000,0.01,43,full,PD_observed,0.9731464646464646,0.5308102695320988,3,81,219,19,9681,300,0.27,0.81,0.405,0.02212121212121212
imdb,cf,10000,0.01,43,full,PD_observed,0.9731464646464646,0.5308102695320988,5,86,414,14,9486,500,0.172,0.86,0.2866666666666667,0.04181818181818182
imdb,cf,10000,0.01,43,full,PD_observed,0.9731464646464646,0.5308102695320988,10,92,908,8,8992,1000,0.092,0.92,0.16727272727272727,0.09171717171717171
imdb,cf,10000,0.01,43,full,PD_max_abs,0.9731464646464646,0.5308102695320988,1,58,42,42,9858,100,0.58,0.58,0.58,0.004242424242424243
imdb,cf,10000,0.01,43,full,PD_max_abs,0.9731464646464646,0.5308102695320988,3,81,219,19,9681,300,0.27,0.81,0.405,0.02212121212121212
imdb,cf,10000,0.01,43,full,PD_max_abs,0.9731464646464646,0.5308102695320988,5,86,414,14,9486,500,0.172,0.86,0.2866666666666667,0.04181818181818182
imdb,cf,10000,0.01,43,full,PD_max_abs,0.9731464646464646,0.5308102695320988,10,92,908,8,8992,1000,0.092,0.92,0.16727272727272727,0.09171717171717171
imdb,cf,10000,0.01,43,full,PD_positive_oracle,0.9809282828282828,0.5504735181862557,1,61,39,39,9861,100,0.61,0.61,0.61,0.00393939393939394
imdb,cf,10000,0.01,43,full,PD_positive_oracle,0.9809282828282828,0.5504735181862557,3,82,218,18,9682,300,0.2733333333333333,0.82,0.41,0.02202020202020202
imdb,cf,10000,0.01,43,full,PD_positive_oracle,0.9809282828282828,0.5504735181862557,5,88,412,12,9488,500,0.176,0.88,0.29333333333333333,0.041616161616161614
imdb,cf,10000,0.01,43,full,PD_positive_oracle,0.9809282828282828,0.5504735181862557,10,96,904,4,8996,1000,0.096,0.96,0.17454545454545456,0.09131313131313132
imdb,cf,10000,0.01,43,full,base_label_NLL,0.9172636363636363,0.1710004185704541,1,26,74,74,9826,100,0.26,0.26,0.26,0.007474747474747475
imdb,cf,10000,0.01,43,full,base_label_NLL,0.9172636363636363,0.1710004185704541,3,51,249,49,9651,300,0.17,0.51,0.255,0.02515151515151515
imdb,cf,10000,0.01,43,full,base_label_NLL,0.9172636363636363,0.1710004185704541,5,62,438,38,9462,500,0.124,0.62,0.20666666666666667,0.04424242424242424
imdb,cf,10000,0.01,43,full,base_label_NLL,0.9172636363636363,0.1710004185704541,10,76,924,24,8976,1000,0.076,0.76,0.13818181818181818,0.09333333333333334
imdb,cf,10000,0.01,43,full,adapted_label_NLL,0.24212121212121213,0.006096589779165644,1,0,100,100,9800,100,0.0,0.0,0.0,0.010101010101010102
imdb,cf,10000,0.01,43,full,adapted_label_NLL,0.24212121212121213,0.006096589779165644,3,0,300,100,9600,300,0.0,0.0,0.0,0.030303030303030304
imdb,cf,10000,0.01,43,full,adapted_label_NLL,0.24212121212121213,0.006096589779165644,5,0,500,100,9400,500,0.0,0.0,0.0,0.050505050505050504
imdb,cf,10000,0.01,43,full,adapted_label_NLL,0.24212121212121213,0.006096589779165644,10,0,1000,100,8900,1000,0.0,0.0,0.0,0.10101010101010101
imdb,cf,10000,0.01,43,full,ZScore_token,0.277089898989899,0.00856875556704044,1,0,100,100,9800,100,0.0,0.0,0.0,0.010101010101010102
imdb,cf,10000,0.01,43,full,ZScore_token,0.277089898989899,0.00856875556704044,3,0,300,100,9600,300,0.0,0.0,0.0,0.030303030303030304
imdb,cf,10000,0.01,43,full,ZScore_token,0.277089898989899,0.00856875556704044,5,0,500,100,9400,500,0.0,0.0,0.0,0.050505050505050504
imdb,cf,10000,0.01,43,full,ZScore_token,0.277089898989899,0.00856875556704044,10,0,1000,100,8900,1000,0.0,0.0,0.0,0.10101010101010101
imdb,cf,10000,0.01,43,full,ZScore_released_unigram,0.3271080808080808,0.008875843344062547,1,0,100,100,9800,100,0.0,0.0,0.0,0.010101010101010102
imdb,cf,10000,0.01,43,full,ZScore_released_unigram,0.3271080808080808,0.008875843344062547,3,0,300,100,9600,300,0.0,0.0,0.0,0.030303030303030304
imdb,cf,10000,0.01,43,full,ZScore_released_unigram,0.3271080808080808,0.008875843344062547,5,0,500,100,9400,500,0.0,0.0,0.0,0.050505050505050504
imdb,cf,10000,0.01,43,full,ZScore_released_unigram,0.3271080808080808,0.008875843344062547,10,0,1000,100,8900,1000,0.0,0.0,0.0,0.10101010101010101
imdb,cf,10000,0.01,44,full,PD_KL,0.9269999999999999,0.20812283604492546,1,32,68,68,9832,100,0.32,0.32,0.32,0.006868686868686869
imdb,cf,10000,0.01,44,full,PD_KL,0.9269999999999999,0.20812283604492546,3,58,242,42,9658,300,0.19333333333333333,0.58,0.29,0.024444444444444446
imdb,cf,10000,0.01,44,full,PD_KL,0.9269999999999999,0.20812283604492546,5,65,435,35,9465,500,0.13,0.65,0.21666666666666667,0.04393939393939394
imdb,cf,10000,0.01,44,full,PD_KL,0.9269999999999999,0.20812283604492546,10,74,926,26,8974,1000,0.074,0.74,0.13454545454545455,0.09353535353535354
imdb,cf,10000,0.01,44,full,PD_label_KL,0.9273979797979798,0.20882988731817573,1,32,68,68,9832,100,0.32,0.32,0.32,0.006868686868686869
imdb,cf,10000,0.01,44,full,PD_label_KL,0.9273979797979798,0.20882988731817573,3,58,242,42,9658,300,0.19333333333333333,0.58,0.29,0.024444444444444446
imdb,cf,10000,0.01,44,full,PD_label_KL,0.9273979797979798,0.20882988731817573,5,65,435,35,9465,500,0.13,0.65,0.21666666666666667,0.04393939393939394
imdb,cf,10000,0.01,44,full,PD_label_KL,0.9273979797979798,0.20882988731817573,10,73,927,27,8973,1000,0.073,0.73,0.13272727272727272,0.09363636363636364
imdb,cf,10000,0.01,44,full,PD_observed,0.9785767676767677,0.5897056499313462,1,62,38,38,9862,100,0.62,0.62,0.62,0.0038383838383838384
imdb,cf,10000,0.01,44,full,PD_observed,0.9785767676767677,0.5897056499313462,3,80,220,20,9680,300,0.26666666666666666,0.8,0.4,0.022222222222222223
imdb,cf,10000,0.01,44,full,PD_observed,0.9785767676767677,0.5897056499313462,5,87,413,13,9487,500,0.174,0.87,0.29,0.041717171717171715
imdb,cf,10000,0.01,44,full,PD_observed,0.9785767676767677,0.5897056499313462,10,95,905,5,8995,1000,0.095,0.95,0.17272727272727273,0.09141414141414142
imdb,cf,10000,0.01,44,full,PD_max_abs,0.9785767676767677,0.5897056499313462,1,62,38,38,9862,100,0.62,0.62,0.62,0.0038383838383838384
imdb,cf,10000,0.01,44,full,PD_max_abs,0.9785767676767677,0.5897056499313462,3,80,220,20,9680,300,0.26666666666666666,0.8,0.4,0.022222222222222223
imdb,cf,10000,0.01,44,full,PD_max_abs,0.9785767676767677,0.5897056499313462,5,87,413,13,9487,500,0.174,0.87,0.29,0.041717171717171715
imdb,cf,10000,0.01,44,full,PD_max_abs,0.9785767676767677,0.5897056499313462,10,95,905,5,8995,1000,0.095,0.95,0.17272727272727273,0.09141414141414142
imdb,cf,10000,0.01,44,full,PD_positive_oracle,0.9893929292929293,0.7492790951933862,1,70,30,30,9870,100,0.7,0.7,0.7,0.0030303030303030303
imdb,cf,10000,0.01,44,full,PD_positive_oracle,0.9893929292929293,0.7492790951933862,3,87,213,13,9687,300,0.29,0.87,0.435,0.021515151515151515
imdb,cf,10000,0.01,44,full,PD_positive_oracle,0.9893929292929293,0.7492790951933862,5,95,405,5,9495,500,0.19,0.95,0.31666666666666665,0.04090909090909091
imdb,cf,10000,0.01,44,full,PD_positive_oracle,0.9893929292929293,0.7492790951933862,10,99,901,1,8999,1000,0.099,0.99,0.18,0.09101010101010101
imdb,cf,10000,0.01,44,full,base_label_NLL,0.92589898989899,0.19553567867974656,1,29,71,71,9829,100,0.29,0.29,0.29,0.007171717171717172
imdb,cf,10000,0.01,44,full,base_label_NLL,0.92589898989899,0.19553567867974656,3,56,244,44,9656,300,0.18666666666666668,0.56,0.28,0.024646464646464646
imdb,cf,10000,0.01,44,full,base_label_NLL,0.92589898989899,0.19553567867974656,5,65,435,35,9465,500,0.13,0.65,0.21666666666666667,0.04393939393939394
imdb,cf,10000,0.01,44,full,base_label_NLL,0.92589898989899,0.19553567867974656,10,72,928,28,8972,1000,0.072,0.72,0.13090909090909092,0.09373737373737374
imdb,cf,10000,0.01,44,full,adapted_label_NLL,0.14567878787878785,0.005526592025382518,1,0,100,100,9800,100,0.0,0.0,0.0,0.010101010101010102
imdb,cf,10000,0.01,44,full,adapted_label_NLL,0.14567878787878785,0.005526592025382518,3,0,300,100,9600,300,0.0,0.0,0.0,0.030303030303030304
imdb,cf,10000,0.01,44,full,adapted_label_NLL,0.14567878787878785,0.005526592025382518,5,0,500,100,9400,500,0.0,0.0,0.0,0.050505050505050504
imdb,cf,10000,0.01,44,full,adapted_label_NLL,0.14567878787878785,0.005526592025382518,10,0,1000,100,8900,1000,0.0,0.0,0.0,0.10101010101010101
imdb,cf,10000,0.01,44,full,ZScore_token,0.22957070707070706,0.007493582739209591,1,0,100,100,9800,100,0.0,0.0,0.0,0.010101010101010102
imdb,cf,10000,0.01,44,full,ZScore_token,0.22957070707070706,0.007493582739209591,3,0,300,100,9600,300,0.0,0.0,0.0,0.030303030303030304
imdb,cf,10000,0.01,44,full,ZScore_token,0.22957070707070706,0.007493582739209591,5,0,500,100,9400,500,0.0,0.0,0.0,0.050505050505050504
imdb,cf,10000,0.01,44,full,ZScore_token,0.22957070707070706,0.007493582739209591,10,0,1000,100,8900,1000,0.0,0.0,0.0,0.10101010101010101
imdb,cf,10000,0.01,44,full,ZScore_released_unigram,0.4656520202020202,0.02635350742584371,1,9,91,91,9809,100,0.09,0.09,0.09,0.009191919191919192
imdb,cf,10000,0.01,44,full,ZScore_released_unigram,0.4656520202020202,0.02635350742584371,3,24,276,76,9624,300,0.08,0.24,0.12,0.027878787878787878
imdb,cf,10000,0.01,44,full,ZScore_released_unigram,0.4656520202020202,0.02635350742584371,5,31,469,69,9431,500,0.062,0.31,0.10333333333333333,0.047373737373737373
imdb,cf,10000,0.01,44,full,ZScore_released_unigram,0.4656520202020202,0.02635350742584371,10,31,969,69,8931,1000,0.031,0.31,0.056363636363636366,0.09787878787878788
imdb,cf,10000,0.05,42,full,PD_KL,0.9317486315789475,0.5315201447868619,1,78,22,422,9478,100,0.78,0.156,0.26,0.0023157894736842107
imdb,cf,10000,0.05,42,full,PD_KL,0.9317486315789475,0.5315201447868619,3,193,107,307,9393,300,0.6433333333333333,0.386,0.4825,0.011263157894736841
imdb,cf,10000,0.05,42,full,PD_KL,0.9317486315789475,0.5315201447868619,5,268,232,232,9268,500,0.536,0.536,0.536,0.024421052631578948
imdb,cf,10000,0.05,42,full,PD_KL,0.9317486315789475,0.5315201447868619,10,367,633,133,8867,1000,0.367,0.734,0.48933333333333334,0.06663157894736842
imdb,cf,10000,0.05,42,full,PD_label_KL,0.9321707368421053,0.5315576884549714,1,78,22,422,9478,100,0.78,0.156,0.26,0.0023157894736842107
imdb,cf,10000,0.05,42,full,PD_label_KL,0.9321707368421053,0.5315576884549714,3,193,107,307,9393,300,0.6433333333333333,0.386,0.4825,0.011263157894736841
imdb,cf,10000,0.05,42,full,PD_label_KL,0.9321707368421053,0.5315576884549714,5,269,231,231,9269,500,0.538,0.538,0.538,0.02431578947368421
imdb,cf,10000,0.05,42,full,PD_label_KL,0.9321707368421053,0.5315576884549714,10,366,634,134,8866,1000,0.366,0.732,0.488,0.06673684210526316
imdb,cf,10000,0.05,42,full,PD_observed,0.9988974736842104,0.984352765445301,1,100,0,400,9500,100,1.0,0.2,0.3333333333333333,0.0
imdb,cf,10000,0.05,42,full,PD_observed,0.9988974736842104,0.984352765445301,3,300,0,200,9500,300,1.0,0.6,0.75,0.0
imdb,cf,10000,0.05,42,full,PD_observed,0.9988974736842104,0.984352765445301,5,472,28,28,9472,500,0.944,0.944,0.944,0.0029473684210526317
imdb,cf,10000,0.05,42,full,PD_observed,0.9988974736842104,0.984352765445301,10,498,502,2,8998,1000,0.498,0.996,0.664,0.05284210526315789
imdb,cf,10000,0.05,42,full,PD_max_abs,0.9988974736842104,0.984352765445301,1,100,0,400,9500,100,1.0,0.2,0.3333333333333333,0.0
imdb,cf,10000,0.05,42,full,PD_max_abs,0.9988974736842104,0.984352765445301,3,300,0,200,9500,300,1.0,0.6,0.75,0.0
imdb,cf,10000,0.05,42,full,PD_max_abs,0.9988974736842104,0.984352765445301,5,472,28,28,9472,500,0.944,0.944,0.944,0.0029473684210526317
imdb,cf,10000,0.05,42,full,PD_max_abs,0.9988974736842104,0.984352765445301,10,498,502,2,8998,1000,0.498,0.996,0.664,0.05284210526315789
imdb,cf,10000,0.05,42,full,PD_positive_oracle,0.9996774736842106,0.9951778644918436,1,100,0,400,9500,100,1.0,0.2,0.3333333333333333,0.0
imdb,cf,10000,0.05,42,full,PD_positive_oracle,0.9996774736842106,0.9951778644918436,3,300,0,200,9500,300,1.0,0.6,0.75,0.0
imdb,cf,10000,0.05,42,full,PD_positive_oracle,0.9996774736842106,0.9951778644918436,5,486,14,14,9486,500,0.972,0.972,0.972,0.0014736842105263158
imdb,cf,10000,0.05,42,full,PD_positive_oracle,0.9996774736842106,0.9951778644918436,10,500,500,0,9000,1000,0.5,1.0,0.6666666666666666,0.05263157894736842
imdb,cf,10000,0.05,42,full,base_label_NLL,0.9308242105263159,0.5139174557268328,1,76,24,424,9476,100,0.76,0.152,0.25333333333333335,0.0025263157894736842
imdb,cf,10000,0.05,42,full,base_label_NLL,0.9308242105263159,0.5139174557268328,3,191,109,309,9391,300,0.6366666666666667,0.382,0.4775,0.011473684210526316
imdb,cf,10000,0.05,42,full,base_label_NLL,0.9308242105263159,0.5139174557268328,5,265,235,235,9265,500,0.53,0.53,0.53,0.024736842105263158
imdb,cf,10000,0.05,42,full,base_label_NLL,0.9308242105263159,0.5139174557268328,10,364,636,136,8864,1000,0.364,0.728,0.48533333333333334,0.06694736842105263
imdb,cf,10000,0.05,42,full,adapted_label_NLL,0.0009109473684210535,0.025479491186621798,1,0,100,500,9400,100,0.0,0.0,0.0,0.010526315789473684
imdb,cf,10000,0.05,42,full,adapted_label_NLL,0.0009109473684210535,0.025479491186621798,3,0,300,500,9200,300,0.0,0.0,0.0,0.031578947368421054
imdb,cf,10000,0.05,42,full,adapted_label_NLL,0.0009109473684210535,0.025479491186621798,5,0,500,500,9000,500,0.0,0.0,0.0,0.05263157894736842
imdb,cf,10000,0.05,42,full,adapted_label_NLL,0.0009109473684210535,0.025479491186621798,10,0,1000,500,8500,1000,0.0,0.0,0.0,0.10526315789473684
imdb,cf,10000,0.05,42,full,ZScore_token,0.792578947368421,0.20234722784297854,1,0,100,500,9400,100,0.0,0.0,0.0,0.010526315789473684
imdb,cf,10000,0.05,42,full,ZScore_token,0.792578947368421,0.20234722784297854,3,0,300,500,9200,300,0.0,0.0,0.0,0.031578947368421054
imdb,cf,10000,0.05,42,full,ZScore_token,0.792578947368421,0.20234722784297854,5,0,500,500,9000,500,0.0,0.0,0.0,0.05263157894736842
imdb,cf,10000,0.05,42,full,ZScore_token,0.792578947368421,0.20234722784297854,10,0,1000,500,8500,1000,0.0,0.0,0.0,0.10526315789473684
imdb,cf,10000,0.05,42,full,ZScore_released_unigram,0.2788588421052632,0.04935557815822194,1,0,100,500,9400,100,0.0,0.0,0.0,0.010526315789473684
imdb,cf,10000,0.05,42,full,ZScore_released_unigram,0.2788588421052632,0.04935557815822194,3,0,300,500,9200,300,0.0,0.0,0.0,0.031578947368421054
imdb,cf,10000,0.05,42,full,ZScore_released_unigram,0.2788588421052632,0.04935557815822194,5,0,500,500,9000,500,0.0,0.0,0.0,0.05263157894736842
imdb,cf,10000,0.05,42,full,ZScore_released_unigram,0.2788588421052632,0.04935557815822194,10,0,1000,500,8500,1000,0.0,0.0,0.0,0.10526315789473684
imdb,cf,10000,0.05,42,lora,PD_KL,0.9859012631578948,0.9343129469516916,1,100,0,400,9500,100,1.0,0.2,0.3333333333333333,0.0
imdb,cf,10000,0.05,42,lora,PD_KL,0.9859012631578948,0.9343129469516916,3,300,0,200,9500,300,1.0,0.6,0.75,0.0
imdb,cf,10000,0.05,42,lora,PD_KL,0.9859012631578948,0.9343129469516916,5,437,63,63,9437,500,0.874,0.874,0.874,0.006631578947368421
imdb,cf,10000,0.05,42,lora,PD_KL,0.9859012631578948,0.9343129469516916,10,474,526,26,8974,1000,0.474,0.948,0.632,0.05536842105263158
imdb,cf,10000,0.05,42,lora,PD_label_KL,0.9873111578947368,0.9347920136414186,1,100,0,400,9500,100,1.0,0.2,0.3333333333333333,0.0
imdb,cf,10000,0.05,42,lora,PD_label_KL,0.9873111578947368,0.9347920136414186,3,300,0,200,9500,300,1.0,0.6,0.75,0.0
imdb,cf,10000,0.05,42,lora,PD_label_KL,0.9873111578947368,0.9347920136414186,5,438,62,62,9438,500,0.876,0.876,0.876,0.006526315789473684
imdb,cf,10000,0.05,42,lora,PD_label_KL,0.9873111578947368,0.9347920136414186,10,474,526,26,8974,1000,0.474,0.948,0.632,0.05536842105263158
imdb,cf,10000,0.05,42,lora,PD_observed,0.9992882105263158,0.9929279354464592,1,100,0,400,9500,100,1.0,0.2,0.3333333333333333,0.0
imdb,cf,10000,0.05,42,lora,PD_observed,0.9992882105263158,0.9929279354464592,3,300,0,200,9500,300,1.0,0.6,0.75,0.0
imdb,cf,10000,0.05,42,lora,PD_observed,0.9992882105263158,0.9929279354464592,5,486,14,14,9486,500,0.972,0.972,0.972,0.0014736842105263158
imdb,cf,10000,0.05,42,lora,PD_observed,0.9992882105263158,0.9929279354464592,10,497,503,3,8997,1000,0.497,0.994,0.6626666666666666,0.05294736842105263
imdb,cf,10000,0.05,42,lora,PD_max_abs,0.9992484210526316,0.9927924496116735,1,100,0,400,9500,100,1.0,0.2,0.3333333333333333,0.0
imdb,cf,10000,0.05,42,lora,PD_max_abs,0.9992484210526316,0.9927924496116735,3,300,0,200,9500,300,1.0,0.6,0.75,0.0
imdb,cf,10000,0.05,42,lora,PD_max_abs,0.9992484210526316,0.9927924496116735,5,486,14,14,9486,500,0.972,0.972,0.972,0.0014736842105263158
imdb,cf,10000,0.05,42,lora,PD_max_abs,0.9992484210526316,0.9927924496116735,10,497,503,3,8997,1000,0.497,0.994,0.6626666666666666,0.05294736842105263
imdb,cf,10000,0.05,42,lora,PD_positive_oracle,0.9993730526315789,0.993248989024271,1,100,0,400,9500,100,1.0,0.2,0.3333333333333333,0.0
imdb,cf,10000,0.05,42,lora,PD_positive_oracle,0.9993730526315789,0.993248989024271,3,300,0,200,9500,300,1.0,0.6,0.75,0.0
imdb,cf,10000,0.05,42,lora,PD_positive_oracle,0.9993730526315789,0.993248989024271,5,486,14,14,9486,500,0.972,0.972,0.972,0.0014736842105263158
imdb,cf,10000,0.05,42,lora,PD_positive_oracle,0.9993730526315789,0.993248989024271,10,497,503,3,8997,1000,0.497,0.994,0.6626666666666666,0.05294736842105263
imdb,cf,10000,0.05,42,lora,base_label_NLL,0.9308242105263159,0.5139174557268328,1,76,24,424,9476,100,0.76,0.152,0.25333333333333335,0.0025263157894736842
imdb,cf,10000,0.05,42,lora,base_label_NLL,0.9308242105263159,0.5139174557268328,3,191,109,309,9391,300,0.6366666666666667,0.382,0.4775,0.011473684210526316
imdb,cf,10000,0.05,42,lora,base_label_NLL,0.9308242105263159,0.5139174557268328,5,265,235,235,9265,500,0.53,0.53,0.53,0.024736842105263158
imdb,cf,10000,0.05,42,lora,base_label_NLL,0.9308242105263159,0.5139174557268328,10,364,636,136,8864,1000,0.364,0.728,0.48533333333333334,0.06694736842105263
imdb,cf,10000,0.05,42,lora,adapted_label_NLL,0.18633473684210528,0.02946011064716803,1,0,100,500,9400,100,0.0,0.0,0.0,0.010526315789473684
imdb,cf,10000,0.05,42,lora,adapted_label_NLL,0.18633473684210528,0.02946011064716803,3,0,300,500,9200,300,0.0,0.0,0.0,0.031578947368421054
imdb,cf,10000,0.05,42,lora,adapted_label_NLL,0.18633473684210528,0.02946011064716803,5,0,500,500,9000,500,0.0,0.0,0.0,0.05263157894736842
imdb,cf,10000,0.05,42,lora,adapted_label_NLL,0.18633473684210528,0.02946011064716803,10,0,1000,500,8500,1000,0.0,0.0,0.0,0.10526315789473684
imdb,cf,10000,0.05,42,lora,ZScore_token,0.792578947368421,0.20234722784297854,1,0,100,500,9400,100,0.0,0.0,0.0,0.010526315789473684
imdb,cf,10000,0.05,42,lora,ZScore_token,0.792578947368421,0.20234722784297854,3,0,300,500,9200,300,0.0,0.0,0.0,0.031578947368421054
imdb,cf,10000,0.05,42,lora,ZScore_token,0.792578947368421,0.20234722784297854,5,0,500,500,9000,500,0.0,0.0,0.0,0.05263157894736842
imdb,cf,10000,0.05,42,lora,ZScore_token,0.792578947368421,0.20234722784297854,10,0,1000,500,8500,1000,0.0,0.0,0.0,0.10526315789473684
imdb,cf,10000,0.05,42,lora,ZScore_released_unigram,0.2788588421052632,0.04935557815822194,1,0,100,500,9400,100,0.0,0.0,0.0,0.010526315789473684
imdb,cf,10000,0.05,42,lora,ZScore_released_unigram,0.2788588421052632,0.04935557815822194,3,0,300,500,9200,300,0.0,0.0,0.0,0.031578947368421054
imdb,cf,10000,0.05,42,lora,ZScore_released_unigram,0.2788588421052632,0.04935557815822194,5,0,500,500,9000,500,0.0,0.0,0.0,0.05263157894736842
imdb,cf,10000,0.05,42,lora,ZScore_released_unigram,0.2788588421052632,0.04935557815822194,10,0,1000,500,8500,1000,0.0,0.0,0.0,0.10526315789473684
imdb,cf,10000,0.05,43,full,PD_KL,0.9243351578947367,0.5064616906513466,1,75,25,425,9475,100,0.75,0.15,0.25,0.002631578947368421
imdb,cf,10000,0.05,43,full,PD_KL,0.9243351578947367,0.5064616906513466,3,188,112,312,9388,300,0.6266666666666667,0.376,0.47,0.011789473684210527
imdb,cf,10000,0.05,43,full,PD_KL,0.9243351578947367,0.5064616906513466,5,258,242,242,9258,500,0.516,0.516,0.516,0.025473684210526315
imdb,cf,10000,0.05,43,full,PD_KL,0.9243351578947367,0.5064616906513466,10,357,643,143,8857,1000,0.357,0.714,0.476,0.06768421052631579
imdb,cf,10000,0.05,43,full,PD_label_KL,0.924958947368421,0.5069237848867094,1,75,25,425,9475,100,0.75,0.15,0.25,0.002631578947368421
imdb,cf,10000,0.05,43,full,PD_label_KL,0.924958947368421,0.5069237848867094,3,187,113,313,9387,300,0.6233333333333333,0.374,0.4675,0.011894736842105263
imdb,cf,10000,0.05,43,full,PD_label_KL,0.924958947368421,0.5069237848867094,5,258,242,242,9258,500,0.516,0.516,0.516,0.025473684210526315
imdb,cf,10000,0.05,43,full,PD_label_KL,0.924958947368421,0.5069237848867094,10,357,643,143,8857,1000,0.357,0.714,0.476,0.06768421052631579
imdb,cf,10000,0.05,43,full,PD_observed,0.9984932631578948,0.9803046151952592,1,100,0,400,9500,100,1.0,0.2,0.3333333333333333,0.0
imdb,cf,10000,0.05,43,full,PD_observed,0.9984932631578948,0.9803046151952592,3,299,1,201,9499,300,0.9966666666666667,0.598,0.7475,0.00010526315789473685
imdb,cf,10000,0.05,43,full,PD_observed,0.9984932631578948,0.9803046151952592,5,470,30,30,9470,500,0.94,0.94,0.94,0.003157894736842105
imdb,cf,10000,0.05,43,full,PD_observed,0.9984932631578948,0.9803046151952592,10,497,503,3,8997,1000,0.497,0.994,0.6626666666666666,0.05294736842105263
imdb,cf,10000,0.05,43,full,PD_max_abs,0.9984932631578948,0.9803046151952592,1,100,0,400,9500,100,1.0,0.2,0.3333333333333333,0.0
imdb,cf,10000,0.05,43,full,PD_max_abs,0.9984932631578948,0.9803046151952592,3,299,1,201,9499,300,0.9966666666666667,0.598,0.7475,0.00010526315789473685
imdb,cf,10000,0.05,43,full,PD_max_abs,0.9984932631578948,0.9803046151952592,5,470,30,30,9470,500,0.94,0.94,0.94,0.003157894736842105
imdb,cf,10000,0.05,43,full,PD_max_abs,0.9984932631578948,0.9803046151952592,10,497,503,3,8997,1000,0.497,0.994,0.6626666666666666,0.05294736842105263
imdb,cf,10000,0.05,43,full,PD_positive_oracle,0.998625894736842,0.9810608358997369,1,100,0,400,9500,100,1.0,0.2,0.3333333333333333,0.0
imdb,cf,10000,0.05,43,full,PD_positive_oracle,0.998625894736842,0.9810608358997369,3,299,1,201,9499,300,0.9966666666666667,0.598,0.7475,0.00010526315789473685
imdb,cf,10000,0.05,43,full,PD_positive_oracle,0.998625894736842,0.9810608358997369,5,471,29,29,9471,500,0.942,0.942,0.942,0.0030526315789473684
imdb,cf,10000,0.05,43,full,PD_positive_oracle,0.998625894736842,0.9810608358997369,10,498,502,2,8998,1000,0.498,0.996,0.664,0.05284210526315789
imdb,cf,10000,0.05,43,full,base_label_NLL,0.9238671578947368,0.49620453286097466,1,72,28,428,9472,100,0.72,0.144,0.24,0.0029473684210526317
imdb,cf,10000,0.05,43,full,base_label_NLL,0.9238671578947368,0.49620453286097466,3,185,115,315,9385,300,0.6166666666666667,0.37,0.4625,0.012105263157894737
imdb,cf,10000,0.05,43,full,base_label_NLL,0.9238671578947368,0.49620453286097466,5,254,246,246,9254,500,0.508,0.508,0.508,0.025894736842105262
imdb,cf,10000,0.05,43,full,base_label_NLL,0.9238671578947368,0.49620453286097466,10,355,645,145,8855,1000,0.355,0.71,0.47333333333333333,0.06789473684210526
imdb,cf,10000,0.05,43,full,adapted_label_NLL,0.006880210526315787,0.025522200559068592,1,0,100,500,9400,100,0.0,0.0,0.0,0.010526315789473684
imdb,cf,10000,0.05,43,full,adapted_label_NLL,0.006880210526315787,0.025522200559068592,3,0,300,500,9200,300,0.0,0.0,0.0,0.031578947368421054
imdb,cf,10000,0.05,43,full,adapted_label_NLL,0.006880210526315787,0.025522200559068592,5,0,500,500,9000,500,0.0,0.0,0.0,0.05263157894736842
imdb,cf,10000,0.05,43,full,adapted_label_NLL,0.006880210526315787,0.025522200559068592,10,0,1000,500,8500,1000,0.0,0.0,0.0,0.10526315789473684
imdb,cf,10000,0.05,43,full,ZScore_token,0.793578947368421,0.20308692120227456,1,0,100,500,9400,100,0.0,0.0,0.0,0.010526315789473684
imdb,cf,10000,0.05,43,full,ZScore_token,0.793578947368421,0.20308692120227456,3,0,300,500,9200,300,0.0,0.0,0.0,0.031578947368421054
imdb,cf,10000,0.05,43,full,ZScore_token,0.793578947368421,0.20308692120227456,5,0,500,500,9000,500,0.0,0.0,0.0,0.05263157894736842
imdb,cf,10000,0.05,43,full,ZScore_token,0.793578947368421,0.20308692120227456,10,0,1000,500,8500,1000,0.0,0.0,0.0,0.10526315789473684
imdb,cf,10000,0.05,43,full,ZScore_released_unigram,0.28078442105263157,0.04964792851761962,1,0,100,500,9400,100,0.0,0.0,0.0,0.010526315789473684
imdb,cf,10000,0.05,43,full,ZScore_released_unigram,0.28078442105263157,0.04964792851761962,3,0,300,500,9200,300,0.0,0.0,0.0,0.031578947368421054
imdb,cf,10000,0.05,43,full,ZScore_released_unigram,0.28078442105263157,0.04964792851761962,5,0,500,500,9000,500,0.0,0.0,0.0,0.05263157894736842
imdb,cf,10000,0.05,43,full,ZScore_released_unigram,0.28078442105263157,0.04964792851761962,10,0,1000,500,8500,1000,0.0,0.0,0.0,0.10526315789473684
imdb,cf,10000,0.05,43,lora,PD_KL,0.9805734736842106,0.9138026555312128,1,100,0,400,9500,100,1.0,0.2,0.3333333333333333,0.0
imdb,cf,10000,0.05,43,lora,PD_KL,0.9805734736842106,0.9138026555312128,3,299,1,201,9499,300,0.9966666666666667,0.598,0.7475,0.00010526315789473685
imdb,cf,10000,0.05,43,lora,PD_KL,0.9805734736842106,0.9138026555312128,5,423,77,77,9423,500,0.846,0.846,0.846,0.008105263157894737
imdb,cf,10000,0.05,43,lora,PD_KL,0.9805734736842106,0.9138026555312128,10,463,537,37,8963,1000,0.463,0.926,0.6173333333333333,0.05652631578947368
imdb,cf,10000,0.05,43,lora,PD_label_KL,0.9820345263157894,0.9141914794701391,1,100,0,400,9500,100,1.0,0.2,0.3333333333333333,0.0
imdb,cf,10000,0.05,43,lora,PD_label_KL,0.9820345263157894,0.9141914794701391,3,299,1,201,9499,300,0.9966666666666667,0.598,0.7475,0.00010526315789473685
imdb,cf,10000,0.05,43,lora,PD_label_KL,0.9820345263157894,0.9141914794701391,5,423,77,77,9423,500,0.846,0.846,0.846,0.008105263157894737
imdb,cf,10000,0.05,43,lora,PD_label_KL,0.9820345263157894,0.9141914794701391,10,463,537,37,8963,1000,0.463,0.926,0.6173333333333333,0.05652631578947368
imdb,cf,10000,0.05,43,lora,PD_observed,0.9958941052631578,0.9818846486464585,1,100,0,400,9500,100,1.0,0.2,0.3333333333333333,0.0
imdb,cf,10000,0.05,43,lora,PD_observed,0.9958941052631578,0.9818846486464585,3,300,0,200,9500,300,1.0,0.6,0.75,0.0
imdb,cf,10000,0.05,43,lora,PD_observed,0.9958941052631578,0.9818846486464585,5,473,27,27,9473,500,0.946,0.946,0.946,0.002842105263157895
imdb,cf,10000,0.05,43,lora,PD_observed,0.9958941052631578,0.9818846486464585,10,494,506,6,8994,1000,0.494,0.988,0.6586666666666666,0.05326315789473684
imdb,cf,10000,0.05,43,lora,PD_max_abs,0.9952505263157895,0.9815749249419484,1,100,0,400,9500,100,1.0,0.2,0.3333333333333333,0.0
imdb,cf,10000,0.05,43,lora,PD_max_abs,0.9952505263157895,0.9815749249419484,3,300,0,200,9500,300,1.0,0.6,0.75,0.0
imdb,cf,10000,0.05,43,lora,PD_max_abs,0.9952505263157895,0.9815749249419484,5,473,27,27,9473,500,0.946,0.946,0.946,0.002842105263157895
imdb,cf,10000,0.05,43,lora,PD_max_abs,0.9952505263157895,0.9815749249419484,10,494,506,6,8994,1000,0.494,0.988,0.6586666666666666,0.05326315789473684
imdb,cf,10000,0.05,43,lora,PD_positive_oracle,0.9969976842105264,0.9829427889802674,1,100,0,400,9500,100,1.0,0.2,0.3333333333333333,0.0
imdb,cf,10000,0.05,43,lora,PD_positive_oracle,0.9969976842105264,0.9829427889802674,3,300,0,200,9500,300,1.0,0.6,0.75,0.0
imdb,cf,10000,0.05,43,lora,PD_positive_oracle,0.9969976842105264,0.9829427889802674,5,473,27,27,9473,500,0.946,0.946,0.946,0.002842105263157895
imdb,cf,10000,0.05,43,lora,PD_positive_oracle,0.9969976842105264,0.9829427889802674,10,494,506,6,8994,1000,0.494,0.988,0.6586666666666666,0.05326315789473684
imdb,cf,10000,0.05,43,lora,base_label_NLL,0.9238671578947368,0.49620453286097466,1,72,28,428,9472,100,0.72,0.144,0.24,0.0029473684210526317
imdb,cf,10000,0.05,43,lora,base_label_NLL,0.9238671578947368,0.49620453286097466,3,185,115,315,9385,300,0.6166666666666667,0.37,0.4625,0.012105263157894737
imdb,cf,10000,0.05,43,lora,base_label_NLL,0.9238671578947368,0.49620453286097466,5,254,246,246,9254,500,0.508,0.508,0.508,0.025894736842105262
imdb,cf,10000,0.05,43,lora,base_label_NLL,0.9238671578947368,0.49620453286097466,10,355,645,145,8855,1000,0.355,0.71,0.47333333333333333,0.06789473684210526
imdb,cf,10000,0.05,43,lora,adapted_label_NLL,0.28728189473684207,0.033119144541974954,1,0,100,500,9400,100,0.0,0.0,0.0,0.010526315789473684
imdb,cf,10000,0.05,43,lora,adapted_label_NLL,0.28728189473684207,0.033119144541974954,3,0,300,500,9200,300,0.0,0.0,0.0,0.031578947368421054
imdb,cf,10000,0.05,43,lora,adapted_label_NLL,0.28728189473684207,0.033119144541974954,5,0,500,500,9000,500,0.0,0.0,0.0,0.05263157894736842
imdb,cf,10000,0.05,43,lora,adapted_label_NLL,0.28728189473684207,0.033119144541974954,10,0,1000,500,8500,1000,0.0,0.0,0.0,0.10526315789473684
imdb,cf,10000,0.05,43,lora,ZScore_token,0.793578947368421,0.20308692120227456,1,0,100,500,9400,100,0.0,0.0,0.0,0.010526315789473684
imdb,cf,10000,0.05,43,lora,ZScore_token,0.793578947368421,0.20308692120227456,3,0,300,500,9200,300,0.0,0.0,0.0,0.031578947368421054
imdb,cf,10000,0.05,43,lora,ZScore_token,0.793578947368421,0.20308692120227456,5,0,500,500,9000,500,0.0,0.0,0.0,0.05263157894736842
imdb,cf,10000,0.05,43,lora,ZScore_token,0.793578947368421,0.20308692120227456,10,0,1000,500,8500,1000,0.0,0.0,0.0,0.10526315789473684
imdb,cf,10000,0.05,43,lora,ZScore_released_unigram,0.28078442105263157,0.04964792851761962,1,0,100,500,9400,100,0.0,0.0,0.0,0.010526315789473684
imdb,cf,10000,0.05,43,lora,ZScore_released_unigram,0.28078442105263157,0.04964792851761962,3,0,300,500,9200,300,0.0,0.0,0.0,0.031578947368421054
imdb,cf,10000,0.05,43,lora,ZScore_released_unigram,0.28078442105263157,0.04964792851761962,5,0,500,500,9000,500,0.0,0.0,0.0,0.05263157894736842
imdb,cf,10000,0.05,43,lora,ZScore_released_unigram,0.28078442105263157,0.04964792851761962,10,0,1000,500,8500,1000,0.0,0.0,0.0,0.10526315789473684
imdb,cf,10000,0.05,44,full,PD_KL,0.9303077894736842,0.5209571883792917,1,71,29,429,9471,100,0.71,0.142,0.23666666666666666,0.0030526315789473684
imdb,cf,10000,0.05,44,full,PD_KL,0.9303077894736842,0.5209571883792917,3,206,94,294,9406,300,0.6866666666666666,0.412,0.515,0.009894736842105263
imdb,cf,10000,0.05,44,full,PD_KL,0.9303077894736842,0.5209571883792917,5,276,224,224,9276,500,0.552,0.552,0.552,0.023578947368421053
imdb,cf,10000,0.05,44,full,PD_KL,0.9303077894736842,0.5209571883792917,10,368,632,132,8868,1000,0.368,0.736,0.49066666666666664,0.06652631578947368
imdb,cf,10000,0.05,44,full,PD_label_KL,0.9306046315789473,0.5211256154276506,1,71,29,429,9471,100,0.71,0.142,0.23666666666666666,0.0030526315789473684
imdb,cf,10000,0.05,44,full,PD_label_KL,0.9306046315789473,0.5211256154276506,3,206,94,294,9406,300,0.6866666666666666,0.412,0.515,0.009894736842105263
imdb,cf,10000,0.05,44,full,PD_label_KL,0.9306046315789473,0.5211256154276506,5,276,224,224,9276,500,0.552,0.552,0.552,0.023578947368421053
imdb,cf,10000,0.05,44,full,PD_label_KL,0.9306046315789473,0.5211256154276506,10,367,633,133,8867,1000,0.367,0.734,0.48933333333333334,0.06663157894736842
imdb,cf,10000,0.05,44,full,PD_observed,0.9973444210526315,0.9670829130696315,1,100,0,400,9500,100,1.0,0.2,0.3333333333333333,0.0
imdb,cf,10000,0.05,44,full,PD_observed,0.9973444210526315,0.9670829130696315,3,297,3,203,9497,300,0.99,0.594,0.7425,0.00031578947368421053
imdb,cf,10000,0.05,44,full,PD_observed,0.9973444210526315,0.9670829130696315,5,453,47,47,9453,500,0.906,0.906,0.906,0.004947368421052632
imdb,cf,10000,0.05,44,full,PD_observed,0.9973444210526315,0.9670829130696315,10,496,504,4,8996,1000,0.496,0.992,0.6613333333333333,0.053052631578947365
imdb,cf,10000,0.05,44,full,PD_max_abs,0.9973444210526315,0.9670829130696315,1,100,0,400,9500,100,1.0,0.2,0.3333333333333333,0.0
imdb,cf,10000,0.05,44,full,PD_max_abs,0.9973444210526315,0.9670829130696315,3,297,3,203,9497,300,0.99,0.594,0.7425,0.00031578947368421053
imdb,cf,10000,0.05,44,full,PD_max_abs,0.9973444210526315,0.9670829130696315,5,453,47,47,9453,500,0.906,0.906,0.906,0.004947368421052632
imdb,cf,10000,0.05,44,full,PD_max_abs,0.9973444210526315,0.9670829130696315,10,496,504,4,8996,1000,0.496,0.992,0.6613333333333333,0.053052631578947365
imdb,cf,10000,0.05,44,full,PD_positive_oracle,0.9996637894736842,0.9951515776184832,1,100,0,400,9500,100,1.0,0.2,0.3333333333333333,0.0
imdb,cf,10000,0.05,44,full,PD_positive_oracle,0.9996637894736842,0.9951515776184832,3,300,0,200,9500,300,1.0,0.6,0.75,0.0
imdb,cf,10000,0.05,44,full,PD_positive_oracle,0.9996637894736842,0.9951515776184832,5,486,14,14,9486,500,0.972,0.972,0.972,0.0014736842105263158
imdb,cf,10000,0.05,44,full,PD_positive_oracle,0.9996637894736842,0.9951515776184832,10,500,500,0,9000,1000,0.5,1.0,0.6666666666666666,0.05263157894736842
imdb,cf,10000,0.05,44,full,base_label_NLL,0.9294427368421053,0.5046455670490775,1,69,31,431,9469,100,0.69,0.138,0.23,0.003263157894736842
imdb,cf,10000,0.05,44,full,base_label_NLL,0.9294427368421053,0.5046455670490775,3,199,101,301,9399,300,0.6633333333333333,0.398,0.4975,0.01063157894736842
imdb,cf,10000,0.05,44,full,base_label_NLL,0.9294427368421053,0.5046455670490775,5,275,225,225,9275,500,0.55,0.55,0.55,0.02368421052631579
imdb,cf,10000,0.05,44,full,base_label_NLL,0.9294427368421053,0.5046455670490775,10,365,635,135,8865,1000,0.365,0.73,0.4866666666666667,0.0668421052631579
imdb,cf,10000,0.05,44,full,adapted_label_NLL,0.015630105263157893,0.025601059641076982,1,0,100,500,9400,100,0.0,0.0,0.0,0.010526315789473684
imdb,cf,10000,0.05,44,full,adapted_label_NLL,0.015630105263157893,0.025601059641076982,3,0,300,500,9200,300,0.0,0.0,0.0,0.031578947368421054
imdb,cf,10000,0.05,44,full,adapted_label_NLL,0.015630105263157893,0.025601059641076982,5,0,500,500,9000,500,0.0,0.0,0.0,0.05263157894736842
imdb,cf,10000,0.05,44,full,adapted_label_NLL,0.015630105263157893,0.025601059641076982,10,0,1000,500,8500,1000,0.0,0.0,0.0,0.10526315789473684
imdb,cf,10000,0.05,44,full,ZScore_token,0.7903684210526316,0.20064205457463885,1,0,100,500,9400,100,0.0,0.0,0.0,0.010526315789473684
imdb,cf,10000,0.05,44,full,ZScore_token,0.7903684210526316,0.20064205457463885,3,0,300,500,9200,300,0.0,0.0,0.0,0.031578947368421054
imdb,cf,10000,0.05,44,full,ZScore_token,0.7903684210526316,0.20064205457463885,5,0,500,500,9000,500,0.0,0.0,0.0,0.05263157894736842
imdb,cf,10000,0.05,44,full,ZScore_token,0.7903684210526316,0.20064205457463885,10,0,1000,500,8500,1000,0.0,0.0,0.0,0.10526315789473684
imdb,cf,10000,0.05,44,full,ZScore_released_unigram,0.2820585263157895,0.04972261967623414,1,0,100,500,9400,100,0.0,0.0,0.0,0.010526315789473684
imdb,cf,10000,0.05,44,full,ZScore_released_unigram,0.2820585263157895,0.04972261967623414,3,0,300,500,9200,300,0.0,0.0,0.0,0.031578947368421054
imdb,cf,10000,0.05,44,full,ZScore_released_unigram,0.2820585263157895,0.04972261967623414,5,0,500,500,9000,500,0.0,0.0,0.0,0.05263157894736842
imdb,cf,10000,0.05,44,full,ZScore_released_unigram,0.2820585263157895,0.04972261967623414,10,0,1000,500,8500,1000,0.0,0.0,0.0,0.10526315789473684
imdb,cf,10000,0.05,44,lora,PD_KL,0.9823444210526316,0.9223857808729863,1,100,0,400,9500,100,1.0,0.2,0.3333333333333333,0.0
imdb,cf,10000,0.05,44,lora,PD_KL,0.9823444210526316,0.9223857808729863,3,300,0,200,9500,300,1.0,0.6,0.75,0.0
imdb,cf,10000,0.05,44,lora,PD_KL,0.9823444210526316,0.9223857808729863,5,432,68,68,9432,500,0.864,0.864,0.864,0.007157894736842105
imdb,cf,10000,0.05,44,lora,PD_KL,0.9823444210526316,0.9223857808729863,10,467,533,33,8967,1000,0.467,0.934,0.6226666666666667,0.056105263157894734
imdb,cf,10000,0.05,44,lora,PD_label_KL,0.9835117894736842,0.9226367084902131,1,100,0,400,9500,100,1.0,0.2,0.3333333333333333,0.0
imdb,cf,10000,0.05,44,lora,PD_label_KL,0.9835117894736842,0.9226367084902131,3,300,0,200,9500,300,1.0,0.6,0.75,0.0
imdb,cf,10000,0.05,44,lora,PD_label_KL,0.9835117894736842,0.9226367084902131,5,432,68,68,9432,500,0.864,0.864,0.864,0.007157894736842105
imdb,cf,10000,0.05,44,lora,PD_label_KL,0.9835117894736842,0.9226367084902131,10,467,533,33,8967,1000,0.467,0.934,0.6226666666666667,0.056105263157894734
imdb,cf,10000,0.05,44,lora,PD_observed,0.9944995789473684,0.9634140446425463,1,100,0,400,9500,100,1.0,0.2,0.3333333333333333,0.0
imdb,cf,10000,0.05,44,lora,PD_observed,0.9944995789473684,0.9634140446425463,3,300,0,200,9500,300,1.0,0.6,0.75,0.0
imdb,cf,10000,0.05,44,lora,PD_observed,0.9944995789473684,0.9634140446425463,5,458,42,42,9458,500,0.916,0.916,0.916,0.004421052631578947
imdb,cf,10000,0.05,44,lora,PD_observed,0.9944995789473684,0.9634140446425463,10,489,511,11,8989,1000,0.489,0.978,0.652,0.053789473684210526
imdb,cf,10000,0.05,44,lora,PD_max_abs,0.9939058947368421,0.9627108617334607,1,100,0,400,9500,100,1.0,0.2,0.3333333333333333,0.0
imdb,cf,10000,0.05,44,lora,PD_max_abs,0.9939058947368421,0.9627108617334607,3,300,0,200,9500,300,1.0,0.6,0.75,0.0
imdb,cf,10000,0.05,44,lora,PD_max_abs,0.9939058947368421,0.9627108617334607,5,457,43,43,9457,500,0.914,0.914,0.914,0.004526315789473684
imdb,cf,10000,0.05,44,lora,PD_max_abs,0.9939058947368421,0.9627108617334607,10,489,511,11,8989,1000,0.489,0.978,0.652,0.053789473684210526
imdb,cf,10000,0.05,44,lora,PD_positive_oracle,0.9963492631578947,0.9679234806070894,1,100,0,400,9500,100,1.0,0.2,0.3333333333333333,0.0
imdb,cf,10000,0.05,44,lora,PD_positive_oracle,0.9963492631578947,0.9679234806070894,3,300,0,200,9500,300,1.0,0.6,0.75,0.0
imdb,cf,10000,0.05,44,lora,PD_positive_oracle,0.9963492631578947,0.9679234806070894,5,458,42,42,9458,500,0.916,0.916,0.916,0.004421052631578947
imdb,cf,10000,0.05,44,lora,PD_positive_oracle,0.9963492631578947,0.9679234806070894,10,492,508,8,8992,1000,0.492,0.984,0.656,0.05347368421052632
imdb,cf,10000,0.05,44,lora,base_label_NLL,0.9294427368421053,0.5046455670490775,1,69,31,431,9469,100,0.69,0.138,0.23,0.003263157894736842
imdb,cf,10000,0.05,44,lora,base_label_NLL,0.9294427368421053,0.5046455670490775,3,199,101,301,9399,300,0.6633333333333333,0.398,0.4975,0.01063157894736842
imdb,cf,10000,0.05,44,lora,base_label_NLL,0.9294427368421053,0.5046455670490775,5,275,225,225,9275,500,0.55,0.55,0.55,0.02368421052631579
imdb,cf,10000,0.05,44,lora,base_label_NLL,0.9294427368421053,0.5046455670490775,10,365,635,135,8865,1000,0.365,0.73,0.4866666666666667,0.0668421052631579
imdb,cf,10000,0.05,44,lora,adapted_label_NLL,0.46232442105263155,0.04343651250761939,1,0,100,500,9400,100,0.0,0.0,0.0,0.010526315789473684
imdb,cf,10000,0.05,44,lora,adapted_label_NLL,0.46232442105263155,0.04343651250761939,3,0,300,500,9200,300,0.0,0.0,0.0,0.031578947368421054
imdb,cf,10000,0.05,44,lora,adapted_label_NLL,0.46232442105263155,0.04343651250761939,5,0,500,500,9000,500,0.0,0.0,0.0,0.05263157894736842
imdb,cf,10000,0.05,44,lora,adapted_label_NLL,0.46232442105263155,0.04343651250761939,10,0,1000,500,8500,1000,0.0,0.0,0.0,0.10526315789473684
imdb,cf,10000,0.05,44,lora,ZScore_token,0.7903684210526316,0.20064205457463885,1,0,100,500,9400,100,0.0,0.0,0.0,0.010526315789473684
imdb,cf,10000,0.05,44,lora,ZScore_token,0.7903684210526316,0.20064205457463885,3,0,300,500,9200,300,0.0,0.0,0.0,0.031578947368421054
imdb,cf,10000,0.05,44,lora,ZScore_token,0.7903684210526316,0.20064205457463885,5,0,500,500,9000,500,0.0,0.0,0.0,0.05263157894736842
imdb,cf,10000,0.05,44,lora,ZScore_token,0.7903684210526316,0.20064205457463885,10,0,1000,500,8500,1000,0.0,0.0,0.0,0.10526315789473684
imdb,cf,10000,0.05,44,lora,ZScore_released_unigram,0.2820585263157895,0.04972261967623414,1,0,100,500,9400,100,0.0,0.0,0.0,0.010526315789473684
imdb,cf,10000,0.05,44,lora,ZScore_released_unigram,0.2820585263157895,0.04972261967623414,3,0,300,500,9200,300,0.0,0.0,0.0,0.031578947368421054
imdb,cf,10000,0.05,44,lora,ZScore_released_unigram,0.2820585263157895,0.04972261967623414,5,0,500,500,9000,500,0.0,0.0,0.0,0.05263157894736842
imdb,cf,10000,0.05,44,lora,ZScore_released_unigram,0.2820585263157895,0.04972261967623414,10,0,1000,500,8500,1000,0.0,0.0,0.0,0.10526315789473684
imdb,cf,10000,0.0,42,full,PD_KL,,,1,0,100,0,9900,100,0.0,,0.0,0.01
imdb,cf,10000,0.0,42,full,PD_KL,,,3,0,300,0,9700,300,0.0,,0.0,0.03
imdb,cf,10000,0.0,42,full,PD_KL,,,5,0,500,0,9500,500,0.0,,0.0,0.05
imdb,cf,10000,0.0,42,full,PD_KL,,,10,0,1000,0,9000,1000,0.0,,0.0,0.1
imdb,cf,10000,0.0,42,full,PD_label_KL,,,1,0,100,0,9900,100,0.0,,0.0,0.01
imdb,cf,10000,0.0,42,full,PD_label_KL,,,3,0,300,0,9700,300,0.0,,0.0,0.03
imdb,cf,10000,0.0,42,full,PD_label_KL,,,5,0,500,0,9500,500,0.0,,0.0,0.05
imdb,cf,10000,0.0,42,full,PD_label_KL,,,10,0,1000,0,9000,1000,0.0,,0.0,0.1
imdb,cf,10000,0.0,42,full,PD_observed,,,1,0,100,0,9900,100,0.0,,0.0,0.01
imdb,cf,10000,0.0,42,full,PD_observed,,,3,0,300,0,9700,300,0.0,,0.0,0.03
imdb,cf,10000,0.0,42,full,PD_observed,,,5,0,500,0,9500,500,0.0,,0.0,0.05
imdb,cf,10000,0.0,42,full,PD_observed,,,10,0,1000,0,9000,1000,0.0,,0.0,0.1
imdb,cf,10000,0.0,42,full,PD_max_abs,,,1,0,100,0,9900,100,0.0,,0.0,0.01
imdb,cf,10000,0.0,42,full,PD_max_abs,,,3,0,300,0,9700,300,0.0,,0.0,0.03
imdb,cf,10000,0.0,42,full,PD_max_abs,,,5,0,500,0,9500,500,0.0,,0.0,0.05
imdb,cf,10000,0.0,42,full,PD_max_abs,,,10,0,1000,0,9000,1000,0.0,,0.0,0.1
imdb,cf,10000,0.0,42,full,PD_positive_oracle,,,1,0,100,0,9900,100,0.0,,0.0,0.01
imdb,cf,10000,0.0,42,full,PD_positive_oracle,,,3,0,300,0,9700,300,0.0,,0.0,0.03
imdb,cf,10000,0.0,42,full,PD_positive_oracle,,,5,0,500,0,9500,500,0.0,,0.0,0.05
imdb,cf,10000,0.0,42,full,PD_positive_oracle,,,10,0,1000,0,9000,1000,0.0,,0.0,0.1
imdb,cf,10000,0.0,42,full,base_label_NLL,,,1,0,100,0,9900,100,0.0,,0.0,0.01
imdb,cf,10000,0.0,42,full,base_label_NLL,,,3,0,300,0,9700,300,0.0,,0.0,0.03
imdb,cf,10000,0.0,42,full,base_label_NLL,,,5,0,500,0,9500,500,0.0,,0.0,0.05
imdb,cf,10000,0.0,42,full,base_label_NLL,,,10,0,1000,0,9000,1000,0.0,,0.0,0.1
imdb,cf,10000,0.0,42,full,adapted_label_NLL,,,1,0,100,0,9900,100,0.0,,0.0,0.01
imdb,cf,10000,0.0,42,full,adapted_label_NLL,,,3,0,300,0,9700,300,0.0,,0.0,0.03
imdb,cf,10000,0.0,42,full,adapted_label_NLL,,,5,0,500,0,9500,500,0.0,,0.0,0.05
imdb,cf,10000,0.0,42,full,adapted_label_NLL,,,10,0,1000,0,9000,1000,0.0,,0.0,0.1
imdb,cf,10000,0.0,42,full,ZScore_token,,,1,0,100,0,9900,100,0.0,,0.0,0.01
imdb,cf,10000,0.0,42,full,ZScore_token,,,3,0,300,0,9700,300,0.0,,0.0,0.03
imdb,cf,10000,0.0,42,full,ZScore_token,,,5,0,500,0,9500,500,0.0,,0.0,0.05
imdb,cf,10000,0.0,42,full,ZScore_token,,,10,0,1000,0,9000,1000,0.0,,0.0,0.1
imdb,cf,10000,0.0,42,full,ZScore_released_unigram,,,1,0,100,0,9900,100,0.0,,0.0,0.01
imdb,cf,10000,0.0,42,full,ZScore_released_unigram,,,3,0,300,0,9700,300,0.0,,0.0,0.03
imdb,cf,10000,0.0,42,full,ZScore_released_unigram,,,5,0,500,0,9500,500,0.0,,0.0,0.05
imdb,cf,10000,0.0,42,full,ZScore_released_unigram,,,10,0,1000,0,9000,1000,0.0,,0.0,0.1
imdb,cf,10000,0.0,42,lora,PD_KL,,,1,0,100,0,9900,100,0.0,,0.0,0.01
imdb,cf,10000,0.0,42,lora,PD_KL,,,3,0,300,0,9700,300,0.0,,0.0,0.03
imdb,cf,10000,0.0,42,lora,PD_KL,,,5,0,500,0,9500,500,0.0,,0.0,0.05
imdb,cf,10000,0.0,42,lora,PD_KL,,,10,0,1000,0,9000,1000,0.0,,0.0,0.1
imdb,cf,10000,0.0,42,lora,PD_label_KL,,,1,0,100,0,9900,100,0.0,,0.0,0.01
imdb,cf,10000,0.0,42,lora,PD_label_KL,,,3,0,300,0,9700,300,0.0,,0.0,0.03
imdb,cf,10000,0.0,42,lora,PD_label_KL,,,5,0,500,0,9500,500,0.0,,0.0,0.05
imdb,cf,10000,0.0,42,lora,PD_label_KL,,,10,0,1000,0,9000,1000,0.0,,0.0,0.1
imdb,cf,10000,0.0,42,lora,PD_observed,,,1,0,100,0,9900,100,0.0,,0.0,0.01
imdb,cf,10000,0.0,42,lora,PD_observed,,,3,0,300,0,9700,300,0.0,,0.0,0.03
imdb,cf,10000,0.0,42,lora,PD_observed,,,5,0,500,0,9500,500,0.0,,0.0,0.05
imdb,cf,10000,0.0,42,lora,PD_observed,,,10,0,1000,0,9000,1000,0.0,,0.0,0.1
imdb,cf,10000,0.0,42,lora,PD_max_abs,,,1,0,100,0,9900,100,0.0,,0.0,0.01
imdb,cf,10000,0.0,42,lora,PD_max_abs,,,3,0,300,0,9700,300,0.0,,0.0,0.03
imdb,cf,10000,0.0,42,lora,PD_max_abs,,,5,0,500,0,9500,500,0.0,,0.0,0.05
imdb,cf,10000,0.0,42,lora,PD_max_abs,,,10,0,1000,0,9000,1000,0.0,,0.0,0.1
imdb,cf,10000,0.0,42,lora,PD_positive_oracle,,,1,0,100,0,9900,100,0.0,,0.0,0.01
imdb,cf,10000,0.0,42,lora,PD_positive_oracle,,,3,0,300,0,9700,300,0.0,,0.0,0.03
imdb,cf,10000,0.0,42,lora,PD_positive_oracle,,,5,0,500,0,9500,500,0.0,,0.0,0.05
imdb,cf,10000,0.0,42,lora,PD_positive_oracle,,,10,0,1000,0,9000,1000,0.0,,0.0,0.1
imdb,cf,10000,0.0,42,lora,base_label_NLL,,,1,0,100,0,9900,100,0.0,,0.0,0.01
imdb,cf,10000,0.0,42,lora,base_label_NLL,,,3,0,300,0,9700,300,0.0,,0.0,0.03
imdb,cf,10000,0.0,42,lora,base_label_NLL,,,5,0,500,0,9500,500,0.0,,0.0,0.05
imdb,cf,10000,0.0,42,lora,base_label_NLL,,,10,0,1000,0,9000,1000,0.0,,0.0,0.1
imdb,cf,10000,0.0,42,lora,adapted_label_NLL,,,1,0,100,0,9900,100,0.0,,0.0,0.01
imdb,cf,10000,0.0,42,lora,adapted_label_NLL,,,3,0,300,0,9700,300,0.0,,0.0,0.03
imdb,cf,10000,0.0,42,lora,adapted_label_NLL,,,5,0,500,0,9500,500,0.0,,0.0,0.05
imdb,cf,10000,0.0,42,lora,adapted_label_NLL,,,10,0,1000,0,9000,1000,0.0,,0.0,0.1
imdb,cf,10000,0.0,42,lora,ZScore_token,,,1,0,100,0,9900,100,0.0,,0.0,0.01
imdb,cf,10000,0.0,42,lora,ZScore_token,,,3,0,300,0,9700,300,0.0,,0.0,0.03
imdb,cf,10000,0.0,42,lora,ZScore_token,,,5,0,500,0,9500,500,0.0,,0.0,0.05
imdb,cf,10000,0.0,42,lora,ZScore_token,,,10,0,1000,0,9000,1000,0.0,,0.0,0.1
imdb,cf,10000,0.0,42,lora,ZScore_released_unigram,,,1,0,100,0,9900,100,0.0,,0.0,0.01
imdb,cf,10000,0.0,42,lora,ZScore_released_unigram,,,3,0,300,0,9700,300,0.0,,0.0,0.03
imdb,cf,10000,0.0,42,lora,ZScore_released_unigram,,,5,0,500,0,9500,500,0.0,,0.0,0.05
imdb,cf,10000,0.0,42,lora,ZScore_released_unigram,,,10,0,1000,0,9000,1000,0.0,,0.0,0.1
imdb,cf,10000,0.0,43,full,PD_KL,,,1,0,100,0,9900,100,0.0,,0.0,0.01
imdb,cf,10000,0.0,43,full,PD_KL,,,3,0,300,0,9700,300,0.0,,0.0,0.03
imdb,cf,10000,0.0,43,full,PD_KL,,,5,0,500,0,9500,500,0.0,,0.0,0.05
imdb,cf,10000,0.0,43,full,PD_KL,,,10,0,1000,0,9000,1000,0.0,,0.0,0.1
imdb,cf,10000,0.0,43,full,PD_label_KL,,,1,0,100,0,9900,100,0.0,,0.0,0.01
imdb,cf,10000,0.0,43,full,PD_label_KL,,,3,0,300,0,9700,300,0.0,,0.0,0.03
imdb,cf,10000,0.0,43,full,PD_label_KL,,,5,0,500,0,9500,500,0.0,,0.0,0.05
imdb,cf,10000,0.0,43,full,PD_label_KL,,,10,0,1000,0,9000,1000,0.0,,0.0,0.1
imdb,cf,10000,0.0,43,full,PD_observed,,,1,0,100,0,9900,100,0.0,,0.0,0.01
imdb,cf,10000,0.0,43,full,PD_observed,,,3,0,300,0,9700,300,0.0,,0.0,0.03
imdb,cf,10000,0.0,43,full,PD_observed,,,5,0,500,0,9500,500,0.0,,0.0,0.05
imdb,cf,10000,0.0,43,full,PD_observed,,,10,0,1000,0,9000,1000,0.0,,0.0,0.1
imdb,cf,10000,0.0,43,full,PD_max_abs,,,1,0,100,0,9900,100,0.0,,0.0,0.01
imdb,cf,10000,0.0,43,full,PD_max_abs,,,3,0,300,0,9700,300,0.0,,0.0,0.03
imdb,cf,10000,0.0,43,full,PD_max_abs,,,5,0,500,0,9500,500,0.0,,0.0,0.05
imdb,cf,10000,0.0,43,full,PD_max_abs,,,10,0,1000,0,9000,1000,0.0,,0.0,0.1
imdb,cf,10000,0.0,43,full,PD_positive_oracle,,,1,0,100,0,9900,100,0.0,,0.0,0.01
imdb,cf,10000,0.0,43,full,PD_positive_oracle,,,3,0,300,0,9700,300,0.0,,0.0,0.03
imdb,cf,10000,0.0,43,full,PD_positive_oracle,,,5,0,500,0,9500,500,0.0,,0.0,0.05
imdb,cf,10000,0.0,43,full,PD_positive_oracle,,,10,0,1000,0,9000,1000,0.0,,0.0,0.1
imdb,cf,10000,0.0,43,full,base_label_NLL,,,1,0,100,0,9900,100,0.0,,0.0,0.01
imdb,cf,10000,0.0,43,full,base_label_NLL,,,3,0,300,0,9700,300,0.0,,0.0,0.03
imdb,cf,10000,0.0,43,full,base_label_NLL,,,5,0,500,0,9500,500,0.0,,0.0,0.05
imdb,cf,10000,0.0,43,full,base_label_NLL,,,10,0,1000,0,9000,1000,0.0,,0.0,0.1
imdb,cf,10000,0.0,43,full,adapted_label_NLL,,,1,0,100,0,9900,100,0.0,,0.0,0.01
imdb,cf,10000,0.0,43,full,adapted_label_NLL,,,3,0,300,0,9700,300,0.0,,0.0,0.03
imdb,cf,10000,0.0,43,full,adapted_label_NLL,,,5,0,500,0,9500,500,0.0,,0.0,0.05
imdb,cf,10000,0.0,43,full,adapted_label_NLL,,,10,0,1000,0,9000,1000,0.0,,0.0,0.1
imdb,cf,10000,0.0,43,full,ZScore_token,,,1,0,100,0,9900,100,0.0,,0.0,0.01
imdb,cf,10000,0.0,43,full,ZScore_token,,,3,0,300,0,9700,300,0.0,,0.0,0.03
imdb,cf,10000,0.0,43,full,ZScore_token,,,5,0,500,0,9500,500,0.0,,0.0,0.05
imdb,cf,10000,0.0,43,full,ZScore_token,,,10,0,1000,0,9000,1000,0.0,,0.0,0.1
imdb,cf,10000,0.0,43,full,ZScore_released_unigram,,,1,0,100,0,9900,100,0.0,,0.0,0.01
imdb,cf,10000,0.0,43,full,ZScore_released_unigram,,,3,0,300,0,9700,300,0.0,,0.0,0.03
imdb,cf,10000,0.0,43,full,ZScore_released_unigram,,,5,0,500,0,9500,500,0.0,,0.0,0.05
imdb,cf,10000,0.0,43,full,ZScore_released_unigram,,,10,0,1000,0,9000,1000,0.0,,0.0,0.1
imdb,cf,10000,0.0,43,lora,PD_KL,,,1,0,100,0,9900,100,0.0,,0.0,0.01
imdb,cf,10000,0.0,43,lora,PD_KL,,,3,0,300,0,9700,300,0.0,,0.0,0.03
imdb,cf,10000,0.0,43,lora,PD_KL,,,5,0,500,0,9500,500,0.0,,0.0,0.05
imdb,cf,10000,0.0,43,lora,PD_KL,,,10,0,1000,0,9000,1000,0.0,,0.0,0.1
imdb,cf,10000,0.0,43,lora,PD_label_KL,,,1,0,100,0,9900,100,0.0,,0.0,0.01
imdb,cf,10000,0.0,43,lora,PD_label_KL,,,3,0,300,0,9700,300,0.0,,0.0,0.03
imdb,cf,10000,0.0,43,lora,PD_label_KL,,,5,0,500,0,9500,500,0.0,,0.0,0.05
imdb,cf,10000,0.0,43,lora,PD_label_KL,,,10,0,1000,0,9000,1000,0.0,,0.0,0.1
imdb,cf,10000,0.0,43,lora,PD_observed,,,1,0,100,0,9900,100,0.0,,0.0,0.01
imdb,cf,10000,0.0,43,lora,PD_observed,,,3,0,300,0,9700,300,0.0,,0.0,0.03
imdb,cf,10000,0.0,43,lora,PD_observed,,,5,0,500,0,9500,500,0.0,,0.0,0.05
imdb,cf,10000,0.0,43,lora,PD_observed,,,10,0,1000,0,9000,1000,0.0,,0.0,0.1
imdb,cf,10000,0.0,43,lora,PD_max_abs,,,1,0,100,0,9900,100,0.0,,0.0,0.01
imdb,cf,10000,0.0,43,lora,PD_max_abs,,,3,0,300,0,9700,300,0.0,,0.0,0.03
imdb,cf,10000,0.0,43,lora,PD_max_abs,,,5,0,500,0,9500,500,0.0,,0.0,0.05
imdb,cf,10000,0.0,43,lora,PD_max_abs,,,10,0,1000,0,9000,1000,0.0,,0.0,0.1
imdb,cf,10000,0.0,43,lora,PD_positive_oracle,,,1,0,100,0,9900,100,0.0,,0.0,0.01
imdb,cf,10000,0.0,43,lora,PD_positive_oracle,,,3,0,300,0,9700,300,0.0,,0.0,0.03
imdb,cf,10000,0.0,43,lora,PD_positive_oracle,,,5,0,500,0,9500,500,0.0,,0.0,0.05
imdb,cf,10000,0.0,43,lora,PD_positive_oracle,,,10,0,1000,0,9000,1000,0.0,,0.0,0.1
imdb,cf,10000,0.0,43,lora,base_label_NLL,,,1,0,100,0,9900,100,0.0,,0.0,0.01
imdb,cf,10000,0.0,43,lora,base_label_NLL,,,3,0,300,0,9700,300,0.0,,0.0,0.03
imdb,cf,10000,0.0,43,lora,base_label_NLL,,,5,0,500,0,9500,500,0.0,,0.0,0.05
imdb,cf,10000,0.0,43,lora,base_label_NLL,,,10,0,1000,0,9000,1000,0.0,,0.0,0.1
imdb,cf,10000,0.0,43,lora,adapted_label_NLL,,,1,0,100,0,9900,100,0.0,,0.0,0.01
imdb,cf,10000,0.0,43,lora,adapted_label_NLL,,,3,0,300,0,9700,300,0.0,,0.0,0.03
imdb,cf,10000,0.0,43,lora,adapted_label_NLL,,,5,0,500,0,9500,500,0.0,,0.0,0.05
imdb,cf,10000,0.0,43,lora,adapted_label_NLL,,,10,0,1000,0,9000,1000,0.0,,0.0,0.1
imdb,cf,10000,0.0,43,lora,ZScore_token,,,1,0,100,0,9900,100,0.0,,0.0,0.01
imdb,cf,10000,0.0,43,lora,ZScore_token,,,3,0,300,0,9700,300,0.0,,0.0,0.03
imdb,cf,10000,0.0,43,lora,ZScore_token,,,5,0,500,0,9500,500,0.0,,0.0,0.05
imdb,cf,10000,0.0,43,lora,ZScore_token,,,10,0,1000,0,9000,1000,0.0,,0.0,0.1
imdb,cf,10000,0.0,43,lora,ZScore_released_unigram,,,1,0,100,0,9900,100,0.0,,0.0,0.01
imdb,cf,10000,0.0,43,lora,ZScore_released_unigram,,,3,0,300,0,9700,300,0.0,,0.0,0.03
imdb,cf,10000,0.0,43,lora,ZScore_released_unigram,,,5,0,500,0,9500,500,0.0,,0.0,0.05
imdb,cf,10000,0.0,43,lora,ZScore_released_unigram,,,10,0,1000,0,9000,1000,0.0,,0.0,0.1
imdb,cf,10000,0.0,44,full,PD_KL,,,1,0,100,0,9900,100,0.0,,0.0,0.01
imdb,cf,10000,0.0,44,full,PD_KL,,,3,0,300,0,9700,300,0.0,,0.0,0.03
imdb,cf,10000,0.0,44,full,PD_KL,,,5,0,500,0,9500,500,0.0,,0.0,0.05
imdb,cf,10000,0.0,44,full,PD_KL,,,10,0,1000,0,9000,1000,0.0,,0.0,0.1
imdb,cf,10000,0.0,44,full,PD_label_KL,,,1,0,100,0,9900,100,0.0,,0.0,0.01
imdb,cf,10000,0.0,44,full,PD_label_KL,,,3,0,300,0,9700,300,0.0,,0.0,0.03
imdb,cf,10000,0.0,44,full,PD_label_KL,,,5,0,500,0,9500,500,0.0,,0.0,0.05
imdb,cf,10000,0.0,44,full,PD_label_KL,,,10,0,1000,0,9000,1000,0.0,,0.0,0.1
imdb,cf,10000,0.0,44,full,PD_observed,,,1,0,100,0,9900,100,0.0,,0.0,0.01
imdb,cf,10000,0.0,44,full,PD_observed,,,3,0,300,0,9700,300,0.0,,0.0,0.03
imdb,cf,10000,0.0,44,full,PD_observed,,,5,0,500,0,9500,500,0.0,,0.0,0.05
imdb,cf,10000,0.0,44,full,PD_observed,,,10,0,1000,0,9000,1000,0.0,,0.0,0.1
imdb,cf,10000,0.0,44,full,PD_max_abs,,,1,0,100,0,9900,100,0.0,,0.0,0.01
imdb,cf,10000,0.0,44,full,PD_max_abs,,,3,0,300,0,9700,300,0.0,,0.0,0.03
imdb,cf,10000,0.0,44,full,PD_max_abs,,,5,0,500,0,9500,500,0.0,,0.0,0.05
imdb,cf,10000,0.0,44,full,PD_max_abs,,,10,0,1000,0,9000,1000,0.0,,0.0,0.1
imdb,cf,10000,0.0,44,full,PD_positive_oracle,,,1,0,100,0,9900,100,0.0,,0.0,0.01
imdb,cf,10000,0.0,44,full,PD_positive_oracle,,,3,0,300,0,9700,300,0.0,,0.0,0.03
imdb,cf,10000,0.0,44,full,PD_positive_oracle,,,5,0,500,0,9500,500,0.0,,0.0,0.05
imdb,cf,10000,0.0,44,full,PD_positive_oracle,,,10,0,1000,0,9000,1000,0.0,,0.0,0.1
imdb,cf,10000,0.0,44,full,base_label_NLL,,,1,0,100,0,9900,100,0.0,,0.0,0.01
imdb,cf,10000,0.0,44,full,base_label_NLL,,,3,0,300,0,9700,300,0.0,,0.0,0.03
imdb,cf,10000,0.0,44,full,base_label_NLL,,,5,0,500,0,9500,500,0.0,,0.0,0.05
imdb,cf,10000,0.0,44,full,base_label_NLL,,,10,0,1000,0,9000,1000,0.0,,0.0,0.1
imdb,cf,10000,0.0,44,full,adapted_label_NLL,,,1,0,100,0,9900,100,0.0,,0.0,0.01
imdb,cf,10000,0.0,44,full,adapted_label_NLL,,,3,0,300,0,9700,300,0.0,,0.0,0.03
imdb,cf,10000,0.0,44,full,adapted_label_NLL,,,5,0,500,0,9500,500,0.0,,0.0,0.05
imdb,cf,10000,0.0,44,full,adapted_label_NLL,,,10,0,1000,0,9000,1000,0.0,,0.0,0.1
imdb,cf,10000,0.0,44,full,ZScore_token,,,1,0,100,0,9900,100,0.0,,0.0,0.01
imdb,cf,10000,0.0,44,full,ZScore_token,,,3,0,300,0,9700,300,0.0,,0.0,0.03
imdb,cf,10000,0.0,44,full,ZScore_token,,,5,0,500,0,9500,500,0.0,,0.0,0.05
imdb,cf,10000,0.0,44,full,ZScore_token,,,10,0,1000,0,9000,1000,0.0,,0.0,0.1
imdb,cf,10000,0.0,44,full,ZScore_released_unigram,,,1,0,100,0,9900,100,0.0,,0.0,0.01
imdb,cf,10000,0.0,44,full,ZScore_released_unigram,,,3,0,300,0,9700,300,0.0,,0.0,0.03
imdb,cf,10000,0.0,44,full,ZScore_released_unigram,,,5,0,500,0,9500,500,0.0,,0.0,0.05
imdb,cf,10000,0.0,44,full,ZScore_released_unigram,,,10,0,1000,0,9000,1000,0.0,,0.0,0.1
imdb,cf,10000,0.0,44,lora,PD_KL,,,1,0,100,0,9900,100,0.0,,0.0,0.01
imdb,cf,10000,0.0,44,lora,PD_KL,,,3,0,300,0,9700,300,0.0,,0.0,0.03
imdb,cf,10000,0.0,44,lora,PD_KL,,,5,0,500,0,9500,500,0.0,,0.0,0.05
imdb,cf,10000,0.0,44,lora,PD_KL,,,10,0,1000,0,9000,1000,0.0,,0.0,0.1
imdb,cf,10000,0.0,44,lora,PD_label_KL,,,1,0,100,0,9900,100,0.0,,0.0,0.01
imdb,cf,10000,0.0,44,lora,PD_label_KL,,,3,0,300,0,9700,300,0.0,,0.0,0.03
imdb,cf,10000,0.0,44,lora,PD_label_KL,,,5,0,500,0,9500,500,0.0,,0.0,0.05
imdb,cf,10000,0.0,44,lora,PD_label_KL,,,10,0,1000,0,9000,1000,0.0,,0.0,0.1
imdb,cf,10000,0.0,44,lora,PD_observed,,,1,0,100,0,9900,100,0.0,,0.0,0.01
imdb,cf,10000,0.0,44,lora,PD_observed,,,3,0,300,0,9700,300,0.0,,0.0,0.03
imdb,cf,10000,0.0,44,lora,PD_observed,,,5,0,500,0,9500,500,0.0,,0.0,0.05
imdb,cf,10000,0.0,44,lora,PD_observed,,,10,0,1000,0,9000,1000,0.0,,0.0,0.1
imdb,cf,10000,0.0,44,lora,PD_max_abs,,,1,0,100,0,9900,100,0.0,,0.0,0.01
imdb,cf,10000,0.0,44,lora,PD_max_abs,,,3,0,300,0,9700,300,0.0,,0.0,0.03
imdb,cf,10000,0.0,44,lora,PD_max_abs,,,5,0,500,0,9500,500,0.0,,0.0,0.05
imdb,cf,10000,0.0,44,lora,PD_max_abs,,,10,0,1000,0,9000,1000,0.0,,0.0,0.1
imdb,cf,10000,0.0,44,lora,PD_positive_oracle,,,1,0,100,0,9900,100,0.0,,0.0,0.01
imdb,cf,10000,0.0,44,lora,PD_positive_oracle,,,3,0,300,0,9700,300,0.0,,0.0,0.03
imdb,cf,10000,0.0,44,lora,PD_positive_oracle,,,5,0,500,0,9500,500,0.0,,0.0,0.05
imdb,cf,10000,0.0,44,lora,PD_positive_oracle,,,10,0,1000,0,9000,1000,0.0,,0.0,0.1
imdb,cf,10000,0.0,44,lora,base_label_NLL,,,1,0,100,0,9900,100,0.0,,0.0,0.01
imdb,cf,10000,0.0,44,lora,base_label_NLL,,,3,0,300,0,9700,300,0.0,,0.0,0.03
imdb,cf,10000,0.0,44,lora,base_label_NLL,,,5,0,500,0,9500,500,0.0,,0.0,0.05
imdb,cf,10000,0.0,44,lora,base_label_NLL,,,10,0,1000,0,9000,1000,0.0,,0.0,0.1
imdb,cf,10000,0.0,44,lora,adapted_label_NLL,,,1,0,100,0,9900,100,0.0,,0.0,0.01
imdb,cf,10000,0.0,44,lora,adapted_label_NLL,,,3,0,300,0,9700,300,0.0,,0.0,0.03
imdb,cf,10000,0.0,44,lora,adapted_label_NLL,,,5,0,500,0,9500,500,0.0,,0.0,0.05
imdb,cf,10000,0.0,44,lora,adapted_label_NLL,,,10,0,1000,0,9000,1000,0.0,,0.0,0.1
imdb,cf,10000,0.0,44,lora,ZScore_token,,,1,0,100,0,9900,100,0.0,,0.0,0.01
imdb,cf,10000,0.0,44,lora,ZScore_token,,,3,0,300,0,9700,300,0.0,,0.0,0.03
imdb,cf,10000,0.0,44,lora,ZScore_token,,,5,0,500,0,9500,500,0.0,,0.0,0.05
imdb,cf,10000,0.0,44,lora,ZScore_token,,,10,0,1000,0,9000,1000,0.0,,0.0,0.1
imdb,cf,10000,0.0,44,lora,ZScore_released_unigram,,,1,0,100,0,9900,100,0.0,,0.0,0.01
imdb,cf,10000,0.0,44,lora,ZScore_released_unigram,,,3,0,300,0,9700,300,0.0,,0.0,0.03
imdb,cf,10000,0.0,44,lora,ZScore_released_unigram,,,5,0,500,0,9500,500,0.0,,0.0,0.05
imdb,cf,10000,0.0,44,lora,ZScore_released_unigram,,,10,0,1000,0,9000,1000,0.0,,0.0,0.1
imdb,cf,1000,0.01,42,full,PD_KL,0.9143434343434343,0.35844080265437966,1,4,6,6,984,10,0.4,0.4,0.4,0.006060606060606061
imdb,cf,1000,0.01,42,full,PD_KL,0.9143434343434343,0.35844080265437966,3,6,24,4,966,30,0.2,0.6,0.3,0.024242424242424242
imdb,cf,1000,0.01,42,full,PD_KL,0.9143434343434343,0.35844080265437966,5,8,42,2,948,50,0.16,0.8,0.26666666666666666,0.04242424242424243
imdb,cf,1000,0.01,42,full,PD_KL,0.9143434343434343,0.35844080265437966,10,8,92,2,898,100,0.08,0.8,0.14545454545454545,0.09292929292929293
imdb,cf,1000,0.01,42,full,PD_label_KL,0.9170707070707071,0.358549859960322,1,4,6,6,984,10,0.4,0.4,0.4,0.006060606060606061
imdb,cf,1000,0.01,42,full,PD_label_KL,0.9170707070707071,0.358549859960322,3,6,24,4,966,30,0.2,0.6,0.3,0.024242424242424242
imdb,cf,1000,0.01,42,full,PD_label_KL,0.9170707070707071,0.358549859960322,5,8,42,2,948,50,0.16,0.8,0.26666666666666666,0.04242424242424243
imdb,cf,1000,0.01,42,full,PD_label_KL,0.9170707070707071,0.358549859960322,10,8,92,2,898,100,0.08,0.8,0.14545454545454545,0.09292929292929293
imdb,cf,1000,0.01,42,full,PD_observed,0.8384848484848485,0.1574111769159155,1,2,8,8,982,10,0.2,0.2,0.2,0.00808080808080808
imdb,cf,1000,0.01,42,full,PD_observed,0.8384848484848485,0.1574111769159155,3,4,26,6,964,30,0.13333333333333333,0.4,0.2,0.026262626262626262
imdb,cf,1000,0.01,42,full,PD_observed,0.8384848484848485,0.1574111769159155,5,6,44,4,946,50,0.12,0.6,0.2,0.044444444444444446
imdb,cf,1000,0.01,42,full,PD_observed,0.8384848484848485,0.1574111769159155,10,7,93,3,897,100,0.07,0.7,0.12727272727272726,0.09393939393939393
imdb,cf,1000,0.01,42,full,PD_max_abs,0.8384848484848485,0.1574111769159155,1,2,8,8,982,10,0.2,0.2,0.2,0.00808080808080808
imdb,cf,1000,0.01,42,full,PD_max_abs,0.8384848484848485,0.1574111769159155,3,4,26,6,964,30,0.13333333333333333,0.4,0.2,0.026262626262626262
imdb,cf,1000,0.01,42,full,PD_max_abs,0.8384848484848485,0.1574111769159155,5,6,44,4,946,50,0.12,0.6,0.2,0.044444444444444446
imdb,cf,1000,0.01,42,full,PD_max_abs,0.8384848484848485,0.1574111769159155,10,7,93,3,897,100,0.07,0.7,0.12727272727272726,0.09393939393939393
imdb,cf,1000,0.01,42,full,PD_positive_oracle,0.8831313131313132,0.15948987377725887,1,2,8,8,982,10,0.2,0.2,0.2,0.00808080808080808
imdb,cf,1000,0.01,42,full,PD_positive_oracle,0.8831313131313132,0.15948987377725887,3,4,26,6,964,30,0.13333333333333333,0.4,0.2,0.026262626262626262
imdb,cf,1000,0.01,42,full,PD_positive_oracle,0.8831313131313132,0.15948987377725887,5,6,44,4,946,50,0.12,0.6,0.2,0.044444444444444446
imdb,cf,1000,0.01,42,full,PD_positive_oracle,0.8831313131313132,0.15948987377725887,10,7,93,3,897,100,0.07,0.7,0.12727272727272726,0.09393939393939393
imdb,cf,1000,0.01,42,full,base_label_NLL,0.9751515151515151,0.42254634254634255,1,5,5,5,985,10,0.5,0.5,0.5,0.005050505050505051
imdb,cf,1000,0.01,42,full,base_label_NLL,0.9751515151515151,0.42254634254634255,3,7,23,3,967,30,0.23333333333333334,0.7,0.35,0.023232323232323233
imdb,cf,1000,0.01,42,full,base_label_NLL,0.9751515151515151,0.42254634254634255,5,9,41,1,949,50,0.18,0.9,0.3,0.04141414141414142
imdb,cf,1000,0.01,42,full,base_label_NLL,0.9751515151515151,0.42254634254634255,10,9,91,1,899,100,0.09,0.9,0.16363636363636364,0.09191919191919191
imdb,cf,1000,0.01,42,full,adapted_label_NLL,0.5301010101010101,0.060103322976864326,1,1,9,9,981,10,0.1,0.1,0.1,0.00909090909090909
imdb,cf,1000,0.01,42,full,adapted_label_NLL,0.5301010101010101,0.060103322976864326,3,1,29,9,961,30,0.03333333333333333,0.1,0.05,0.029292929292929294
imdb,cf,1000,0.01,42,full,adapted_label_NLL,0.5301010101010101,0.060103322976864326,5,1,49,9,941,50,0.02,0.1,0.03333333333333333,0.049494949494949494
imdb,cf,1000,0.01,42,full,adapted_label_NLL,0.5301010101010101,0.060103322976864326,10,1,99,9,891,100,0.01,0.1,0.01818181818181818,0.1
imdb,cf,1000,0.01,42,full,ZScore_token,0.190959595959596,0.006441618010895968,1,0,10,10,980,10,0.0,0.0,0.0,0.010101010101010102
imdb,cf,1000,0.01,42,full,ZScore_token,0.190959595959596,0.006441618010895968,3,0,30,10,960,30,0.0,0.0,0.0,0.030303030303030304
imdb,cf,1000,0.01,42,full,ZScore_token,0.190959595959596,0.006441618010895968,5,0,50,10,940,50,0.0,0.0,0.0,0.050505050505050504
imdb,cf,1000,0.01,42,full,ZScore_token,0.190959595959596,0.006441618010895968,10,0,100,10,890,100,0.0,0.0,0.0,0.10101010101010101
imdb,cf,1000,0.01,42,full,ZScore_released_unigram,0.393939393939394,0.009488396091478678,1,0,10,10,980,10,0.0,0.0,0.0,0.010101010101010102
imdb,cf,1000,0.01,42,full,ZScore_released_unigram,0.393939393939394,0.009488396091478678,3,0,30,10,960,30,0.0,0.0,0.0,0.030303030303030304
imdb,cf,1000,0.01,42,full,ZScore_released_unigram,0.393939393939394,0.009488396091478678,5,0,50,10,940,50,0.0,0.0,0.0,0.050505050505050504
imdb,cf,1000,0.01,42,full,ZScore_released_unigram,0.393939393939394,0.009488396091478678,10,0,100,10,890,100,0.0,0.0,0.0,0.10101010101010101
imdb,cf,1000,0.01,43,full,PD_KL,0.8867676767676768,0.2037783629460529,1,2,8,8,982,10,0.2,0.2,0.2,0.00808080808080808
imdb,cf,1000,0.01,43,full,PD_KL,0.8867676767676768,0.2037783629460529,3,6,24,4,966,30,0.2,0.6,0.3,0.024242424242424242
imdb,cf,1000,0.01,43,full,PD_KL,0.8867676767676768,0.2037783629460529,5,8,42,2,948,50,0.16,0.8,0.26666666666666666,0.04242424242424243
imdb,cf,1000,0.01,43,full,PD_KL,0.8867676767676768,0.2037783629460529,10,8,92,2,898,100,0.08,0.8,0.14545454545454545,0.09292929292929293
imdb,cf,1000,0.01,43,full,PD_label_KL,0.8764646464646464,0.20372094555940817,1,2,8,8,982,10,0.2,0.2,0.2,0.00808080808080808
imdb,cf,1000,0.01,43,full,PD_label_KL,0.8764646464646464,0.20372094555940817,3,6,24,4,966,30,0.2,0.6,0.3,0.024242424242424242
imdb,cf,1000,0.01,43,full,PD_label_KL,0.8764646464646464,0.20372094555940817,5,8,42,2,948,50,0.16,0.8,0.26666666666666666,0.04242424242424243
imdb,cf,1000,0.01,43,full,PD_label_KL,0.8764646464646464,0.20372094555940817,10,8,92,2,898,100,0.08,0.8,0.14545454545454545,0.09292929292929293
imdb,cf,1000,0.01,43,full,PD_observed,0.8238383838383838,0.21353247009751633,1,2,8,8,982,10,0.2,0.2,0.2,0.00808080808080808
imdb,cf,1000,0.01,43,full,PD_observed,0.8238383838383838,0.21353247009751633,3,4,26,6,964,30,0.13333333333333333,0.4,0.2,0.026262626262626262
imdb,cf,1000,0.01,43,full,PD_observed,0.8238383838383838,0.21353247009751633,5,5,45,5,945,50,0.1,0.5,0.16666666666666666,0.045454545454545456
imdb,cf,1000,0.01,43,full,PD_observed,0.8238383838383838,0.21353247009751633,10,6,94,4,896,100,0.06,0.6,0.10909090909090909,0.09494949494949495
imdb,cf,1000,0.01,43,full,PD_max_abs,0.8246464646464646,0.21354053461364536,1,2,8,8,982,10,0.2,0.2,0.2,0.00808080808080808
imdb,cf,1000,0.01,43,full,PD_max_abs,0.8246464646464646,0.21354053461364536,3,4,26,6,964,30,0.13333333333333333,0.4,0.2,0.026262626262626262
imdb,cf,1000,0.01,43,full,PD_max_abs,0.8246464646464646,0.21354053461364536,5,5,45,5,945,50,0.1,0.5,0.16666666666666666,0.045454545454545456
imdb,cf,1000,0.01,43,full,PD_max_abs,0.8246464646464646,0.21354053461364536,10,6,94,4,896,100,0.06,0.6,0.10909090909090909,0.09494949494949495
imdb,cf,1000,0.01,43,full,PD_positive_oracle,0.8915151515151516,0.22596926093083047,1,3,7,7,983,10,0.3,0.3,0.3,0.007070707070707071
imdb,cf,1000,0.01,43,full,PD_positive_oracle,0.8915151515151516,0.22596926093083047,3,4,26,6,964,30,0.13333333333333333,0.4,0.2,0.026262626262626262
imdb,cf,1000,0.01,43,full,PD_positive_oracle,0.8915151515151516,0.22596926093083047,5,5,45,5,945,50,0.1,0.5,0.16666666666666666,0.045454545454545456
imdb,cf,1000,0.01,43,full,PD_positive_oracle,0.8915151515151516,0.22596926093083047,10,6,94,4,896,100,0.06,0.6,0.10909090909090909,0.09494949494949495
imdb,cf,1000,0.01,43,full,base_label_NLL,0.9680808080808081,0.27833216653561826,1,3,7,7,983,10,0.3,0.3,0.3,0.007070707070707071
imdb,cf,1000,0.01,43,full,base_label_NLL,0.9680808080808081,0.27833216653561826,3,6,24,4,966,30,0.2,0.6,0.3,0.024242424242424242
imdb,cf,1000,0.01,43,full,base_label_NLL,0.9680808080808081,0.27833216653561826,5,9,41,1,949,50,0.18,0.9,0.3,0.04141414141414142
imdb,cf,1000,0.01,43,full,base_label_NLL,0.9680808080808081,0.27833216653561826,10,9,91,1,899,100,0.09,0.9,0.16363636363636364,0.09191919191919191
imdb,cf,1000,0.01,43,full,adapted_label_NLL,0.5871717171717172,0.12110022534184817,1,1,9,9,981,10,0.1,0.1,0.1,0.00909090909090909
imdb,cf,1000,0.01,43,full,adapted_label_NLL,0.5871717171717172,0.12110022534184817,3,1,29,9,961,30,0.03333333333333333,0.1,0.05,0.029292929292929294
imdb,cf,1000,0.01,43,full,adapted_label_NLL,0.5871717171717172,0.12110022534184817,5,2,48,8,942,50,0.04,0.2,0.06666666666666667,0.048484848484848485
imdb,cf,1000,0.01,43,full,adapted_label_NLL,0.5871717171717172,0.12110022534184817,10,4,96,6,894,100,0.04,0.4,0.07272727272727272,0.09696969696969697
imdb,cf,1000,0.01,43,full,ZScore_token,0.13853535353535354,0.006629587512763536,1,0,10,10,980,10,0.0,0.0,0.0,0.010101010101010102
imdb,cf,1000,0.01,43,full,ZScore_token,0.13853535353535354,0.006629587512763536,3,0,30,10,960,30,0.0,0.0,0.0,0.030303030303030304
imdb,cf,1000,0.01,43,full,ZScore_token,0.13853535353535354,0.006629587512763536,5,0,50,10,940,50,0.0,0.0,0.0,0.050505050505050504
imdb,cf,1000,0.01,43,full,ZScore_token,0.13853535353535354,0.006629587512763536,10,0,100,10,890,100,0.0,0.0,0.0,0.10101010101010101
imdb,cf,1000,0.01,43,full,ZScore_released_unigram,0.5873737373737373,0.015155786824520295,1,1,9,9,981,10,0.1,0.1,0.1,0.00909090909090909
imdb,cf,1000,0.01,43,full,ZScore_released_unigram,0.5873737373737373,0.015155786824520295,3,1,29,9,961,30,0.03333333333333333,0.1,0.05,0.029292929292929294
imdb,cf,1000,0.01,43,full,ZScore_released_unigram,0.5873737373737373,0.015155786824520295,5,1,49,9,941,50,0.02,0.1,0.03333333333333333,0.049494949494949494
imdb,cf,1000,0.01,43,full,ZScore_released_unigram,0.5873737373737373,0.015155786824520295,10,1,99,9,891,100,0.01,0.1,0.01818181818181818,0.1
imdb,cf,1000,0.01,44,full,PD_KL,0.7992929292929293,0.10550633101247046,1,2,8,8,982,10,0.2,0.2,0.2,0.00808080808080808
imdb,cf,1000,0.01,44,full,PD_KL,0.7992929292929293,0.10550633101247046,3,3,27,7,963,30,0.1,0.3,0.15,0.02727272727272727
imdb,cf,1000,0.01,44,full,PD_KL,0.7992929292929293,0.10550633101247046,5,5,45,5,945,50,0.1,0.5,0.16666666666666666,0.045454545454545456
imdb,cf,1000,0.01,44,full,PD_KL,0.7992929292929293,0.10550633101247046,10,5,95,5,895,100,0.05,0.5,0.09090909090909091,0.09595959595959595
imdb,cf,1000,0.01,44,full,PD_label_KL,0.8047474747474749,0.10535785044375412,1,2,8,8,982,10,0.2,0.2,0.2,0.00808080808080808
imdb,cf,1000,0.01,44,full,PD_label_KL,0.8047474747474749,0.10535785044375412,3,3,27,7,963,30,0.1,0.3,0.15,0.02727272727272727
imdb,cf,1000,0.01,44,full,PD_label_KL,0.8047474747474749,0.10535785044375412,5,5,45,5,945,50,0.1,0.5,0.16666666666666666,0.045454545454545456
imdb,cf,1000,0.01,44,full,PD_label_KL,0.8047474747474749,0.10535785044375412,10,5,95,5,895,100,0.05,0.5,0.09090909090909091,0.09595959595959595
imdb,cf,1000,0.01,44,full,PD_observed,0.6917171717171717,0.16323892945555146,1,1,9,9,981,10,0.1,0.1,0.1,0.00909090909090909
imdb,cf,1000,0.01,44,full,PD_observed,0.6917171717171717,0.16323892945555146,3,3,27,7,963,30,0.1,0.3,0.15,0.02727272727272727
imdb,cf,1000,0.01,44,full,PD_observed,0.6917171717171717,0.16323892945555146,5,4,46,6,944,50,0.08,0.4,0.13333333333333333,0.046464646464646465
imdb,cf,1000,0.01,44,full,PD_observed,0.6917171717171717,0.16323892945555146,10,5,95,5,895,100,0.05,0.5,0.09090909090909091,0.09595959595959595
imdb,cf,1000,0.01,44,full,PD_max_abs,0.6911111111111111,0.16323272715467363,1,1,9,9,981,10,0.1,0.1,0.1,0.00909090909090909
imdb,cf,1000,0.01,44,full,PD_max_abs,0.6911111111111111,0.16323272715467363,3,3,27,7,963,30,0.1,0.3,0.15,0.02727272727272727
imdb,cf,1000,0.01,44,full,PD_max_abs,0.6911111111111111,0.16323272715467363,5,4,46,6,944,50,0.08,0.4,0.13333333333333333,0.046464646464646465
imdb,cf,1000,0.01,44,full,PD_max_abs,0.6911111111111111,0.16323272715467363,10,5,95,5,895,100,0.05,0.5,0.09090909090909091,0.09595959595959595
imdb,cf,1000,0.01,44,full,PD_positive_oracle,0.7993939393939394,0.167771967261849,1,1,9,9,981,10,0.1,0.1,0.1,0.00909090909090909
imdb,cf,1000,0.01,44,full,PD_positive_oracle,0.7993939393939394,0.167771967261849,3,3,27,7,963,30,0.1,0.3,0.15,0.02727272727272727
imdb,cf,1000,0.01,44,full,PD_positive_oracle,0.7993939393939394,0.167771967261849,5,5,45,5,945,50,0.1,0.5,0.16666666666666666,0.045454545454545456
imdb,cf,1000,0.01,44,full,PD_positive_oracle,0.7993939393939394,0.167771967261849,10,5,95,5,895,100,0.05,0.5,0.09090909090909091,0.09595959595959595
imdb,cf,1000,0.01,44,full,base_label_NLL,0.9171717171717172,0.15559601855807842,1,3,7,7,983,10,0.3,0.3,0.3,0.007070707070707071
imdb,cf,1000,0.01,44,full,base_label_NLL,0.9171717171717172,0.15559601855807842,3,4,26,6,964,30,0.13333333333333333,0.4,0.2,0.026262626262626262
imdb,cf,1000,0.01,44,full,base_label_NLL,0.9171717171717172,0.15559601855807842,5,5,45,5,945,50,0.1,0.5,0.16666666666666666,0.045454545454545456
imdb,cf,1000,0.01,44,full,base_label_NLL,0.9171717171717172,0.15559601855807842,10,7,93,3,897,100,0.07,0.7,0.12727272727272726,0.09393939393939393
imdb,cf,1000,0.01,44,full,adapted_label_NLL,0.5657575757575758,0.12759373721641562,1,2,8,8,982,10,0.2,0.2,0.2,0.00808080808080808
imdb,cf,1000,0.01,44,full,adapted_label_NLL,0.5657575757575758,0.12759373721641562,3,2,28,8,962,30,0.06666666666666667,0.2,0.1,0.028282828282828285
imdb,cf,1000,0.01,44,full,adapted_label_NLL,0.5657575757575758,0.12759373721641562,5,2,48,8,942,50,0.04,0.2,0.06666666666666667,0.048484848484848485
imdb,cf,1000,0.01,44,full,adapted_label_NLL,0.5657575757575758,0.12759373721641562,10,2,98,8,892,100,0.02,0.2,0.03636363636363636,0.09898989898989899
imdb,cf,1000,0.01,44,full,ZScore_token,0.18171717171717172,0.0066297415836185855,1,0,10,10,980,10,0.0,0.0,0.0,0.010101010101010102
imdb,cf,1000,0.01,44,full,ZScore_token,0.18171717171717172,0.0066297415836185855,3,0,30,10,960,30,0.0,0.0,0.0,0.030303030303030304
imdb,cf,1000,0.01,44,full,ZScore_token,0.18171717171717172,0.0066297415836185855,5,0,50,10,940,50,0.0,0.0,0.0,0.050505050505050504
imdb,cf,1000,0.01,44,full,ZScore_token,0.18171717171717172,0.0066297415836185855,10,0,100,10,890,100,0.0,0.0,0.0,0.10101010101010101
imdb,cf,1000,0.01,44,full,ZScore_released_unigram,0.6884848484848486,0.025795063238593444,1,1,9,9,981,10,0.1,0.1,0.1,0.00909090909090909
imdb,cf,1000,0.01,44,full,ZScore_released_unigram,0.6884848484848486,0.025795063238593444,3,2,28,8,962,30,0.06666666666666667,0.2,0.1,0.028282828282828285
imdb,cf,1000,0.01,44,full,ZScore_released_unigram,0.6884848484848486,0.025795063238593444,5,2,48,8,942,50,0.04,0.2,0.06666666666666667,0.048484848484848485
imdb,cf,1000,0.01,44,full,ZScore_released_unigram,0.6884848484848486,0.025795063238593444,10,2,98,8,892,100,0.02,0.2,0.03636363636363636,0.09898989898989899
imdb,cf,1000,0.05,42,full,PD_KL,0.9413894736842106,0.5739511589927968,1,8,2,42,948,10,0.8,0.16,0.26666666666666666,0.002105263157894737
imdb,cf,1000,0.05,42,full,PD_KL,0.9413894736842106,0.5739511589927968,3,22,8,28,942,30,0.7333333333333333,0.44,0.55,0.008421052631578947
imdb,cf,1000,0.05,42,full,PD_KL,0.9413894736842106,0.5739511589927968,5,28,22,22,928,50,0.56,0.56,0.56,0.023157894736842106
imdb,cf,1000,0.05,42,full,PD_KL,0.9413894736842106,0.5739511589927968,10,37,63,13,887,100,0.37,0.74,0.49333333333333335,0.06631578947368422
imdb,cf,1000,0.05,42,full,PD_label_KL,0.9417684210526315,0.5743367982519662,1,8,2,42,948,10,0.8,0.16,0.26666666666666666,0.002105263157894737
imdb,cf,1000,0.05,42,full,PD_label_KL,0.9417684210526315,0.5743367982519662,3,22,8,28,942,30,0.7333333333333333,0.44,0.55,0.008421052631578947
imdb,cf,1000,0.05,42,full,PD_label_KL,0.9417684210526315,0.5743367982519662,5,28,22,22,928,50,0.56,0.56,0.56,0.023157894736842106
imdb,cf,1000,0.05,42,full,PD_label_KL,0.9417684210526315,0.5743367982519662,10,37,63,13,887,100,0.37,0.74,0.49333333333333335,0.06631578947368422
imdb,cf,1000,0.05,42,full,PD_observed,0.7200421052631579,0.1933021241264466,1,5,5,45,945,10,0.5,0.1,0.16666666666666666,0.005263157894736842
imdb,cf,1000,0.05,42,full,PD_observed,0.7200421052631579,0.1933021241264466,3,9,21,41,929,30,0.3,0.18,0.225,0.022105263157894735
imdb,cf,1000,0.05,42,full,PD_observed,0.7200421052631579,0.1933021241264466,5,12,38,38,912,50,0.24,0.24,0.24,0.04
imdb,cf,1000,0.05,42,full,PD_observed,0.7200421052631579,0.1933021241264466,10,15,85,35,865,100,0.15,0.3,0.2,0.08947368421052632
imdb,cf,1000,0.05,42,full,PD_max_abs,0.7196421052631579,0.19326728726922598,1,5,5,45,945,10,0.5,0.1,0.16666666666666666,0.005263157894736842
imdb,cf,1000,0.05,42,full,PD_max_abs,0.7196421052631579,0.19326728726922598,3,9,21,41,929,30,0.3,0.18,0.225,0.022105263157894735
imdb,cf,1000,0.05,42,full,PD_max_abs,0.7196421052631579,0.19326728726922598,5,12,38,38,912,50,0.24,0.24,0.24,0.04
imdb,cf,1000,0.05,42,full,PD_max_abs,0.7196421052631579,0.19326728726922598,10,15,85,35,865,100,0.15,0.3,0.2,0.08947368421052632
imdb,cf,1000,0.05,42,full,PD_positive_oracle,0.7580631578947368,0.19916945205262035,1,5,5,45,945,10,0.5,0.1,0.16666666666666666,0.005263157894736842
imdb,cf,1000,0.05,42,full,PD_positive_oracle,0.7580631578947368,0.19916945205262035,3,9,21,41,929,30,0.3,0.18,0.225,0.022105263157894735
imdb,cf,1000,0.05,42,full,PD_positive_oracle,0.7580631578947368,0.19916945205262035,5,12,38,38,912,50,0.24,0.24,0.24,0.04
imdb,cf,1000,0.05,42,full,PD_positive_oracle,0.7580631578947368,0.19916945205262035,10,15,85,35,865,100,0.15,0.3,0.2,0.08947368421052632
imdb,cf,1000,0.05,42,full,base_label_NLL,0.9518105263157894,0.5955874269292091,1,8,2,42,948,10,0.8,0.16,0.26666666666666666,0.002105263157894737
imdb,cf,1000,0.05,42,full,base_label_NLL,0.9518105263157894,0.5955874269292091,3,22,8,28,942,30,0.7333333333333333,0.44,0.55,0.008421052631578947
imdb,cf,1000,0.05,42,full,base_label_NLL,0.9518105263157894,0.5955874269292091,5,32,18,18,932,50,0.64,0.64,0.64,0.018947368421052633
imdb,cf,1000,0.05,42,full,base_label_NLL,0.9518105263157894,0.5955874269292091,10,40,60,10,890,100,0.4,0.8,0.5333333333333333,0.06315789473684211
imdb,cf,1000,0.05,42,full,adapted_label_NLL,0.6498736842105264,0.14502460200147319,1,4,6,46,944,10,0.4,0.08,0.13333333333333333,0.00631578947368421
imdb,cf,1000,0.05,42,full,adapted_label_NLL,0.6498736842105264,0.14502460200147319,3,8,22,42,928,30,0.26666666666666666,0.16,0.2,0.023157894736842106
imdb,cf,1000,0.05,42,full,adapted_label_NLL,0.6498736842105264,0.14502460200147319,5,10,40,40,910,50,0.2,0.2,0.2,0.042105263157894736
imdb,cf,1000,0.05,42,full,adapted_label_NLL,0.6498736842105264,0.14502460200147319,10,13,87,37,863,100,0.13,0.26,0.17333333333333334,0.09157894736842105
imdb,cf,1000,0.05,42,full,ZScore_token,0.5730526315789474,0.08969625538437145,1,0,10,50,940,10,0.0,0.0,0.0,0.010526315789473684
imdb,cf,1000,0.05,42,full,ZScore_token,0.5730526315789474,0.08969625538437145,3,0,30,50,920,30,0.0,0.0,0.0,0.031578947368421054
imdb,cf,1000,0.05,42,full,ZScore_token,0.5730526315789474,0.08969625538437145,5,0,50,50,900,50,0.0,0.0,0.0,0.05263157894736842
imdb,cf,1000,0.05,42,full,ZScore_token,0.5730526315789474,0.08969625538437145,10,0,100,50,850,100,0.0,0.0,0.0,0.10526315789473684
imdb,cf,1000,0.05,42,full,ZScore_released_unigram,0.2662631578947368,0.04960725493065379,1,0,10,50,940,10,0.0,0.0,0.0,0.010526315789473684
imdb,cf,1000,0.05,42,full,ZScore_released_unigram,0.2662631578947368,0.04960725493065379,3,0,30,50,920,30,0.0,0.0,0.0,0.031578947368421054
imdb,cf,1000,0.05,42,full,ZScore_released_unigram,0.2662631578947368,0.04960725493065379,5,0,50,50,900,50,0.0,0.0,0.0,0.05263157894736842
imdb,cf,1000,0.05,42,full,ZScore_released_unigram,0.2662631578947368,0.04960725493065379,10,0,100,50,850,100,0.0,0.0,0.0,0.10526315789473684
imdb,cf,1000,0.05,43,full,PD_KL,0.9234736842105264,0.44907525760440115,1,6,4,44,946,10,0.6,0.12,0.2,0.004210526315789474
imdb,cf,1000,0.05,43,full,PD_KL,0.9234736842105264,0.44907525760440115,3,17,13,33,937,30,0.5666666666666667,0.34,0.425,0.01368421052631579
imdb,cf,1000,0.05,43,full,PD_KL,0.9234736842105264,0.44907525760440115,5,26,24,24,926,50,0.52,0.52,0.52,0.02526315789473684
imdb,cf,1000,0.05,43,full,PD_KL,0.9234736842105264,0.44907525760440115,10,37,63,13,887,100,0.37,0.74,0.49333333333333335,0.06631578947368422
imdb,cf,1000,0.05,43,full,PD_label_KL,0.9234315789473684,0.4484630521779959,1,6,4,44,946,10,0.6,0.12,0.2,0.004210526315789474
imdb,cf,1000,0.05,43,full,PD_label_KL,0.9234315789473684,0.4484630521779959,3,17,13,33,937,30,0.5666666666666667,0.34,0.425,0.01368421052631579
imdb,cf,1000,0.05,43,full,PD_label_KL,0.9234315789473684,0.4484630521779959,5,26,24,24,926,50,0.52,0.52,0.52,0.02526315789473684
imdb,cf,1000,0.05,43,full,PD_label_KL,0.9234315789473684,0.4484630521779959,10,38,62,12,888,100,0.38,0.76,0.5066666666666667,0.06526315789473684
imdb,cf,1000,0.05,43,full,PD_observed,0.6880421052631579,0.09771813775354811,1,1,9,49,941,10,0.1,0.02,0.03333333333333333,0.009473684210526316
imdb,cf,1000,0.05,43,full,PD_observed,0.6880421052631579,0.09771813775354811,3,5,25,45,925,30,0.16666666666666666,0.1,0.125,0.02631578947368421
imdb,cf,1000,0.05,43,full,PD_observed,0.6880421052631579,0.09771813775354811,5,8,42,42,908,50,0.16,0.16,0.16,0.04421052631578947
imdb,cf,1000,0.05,43,full,PD_observed,0.6880421052631579,0.09771813775354811,10,9,91,41,859,100,0.09,0.18,0.12,0.09578947368421052
imdb,cf,1000,0.05,43,full,PD_max_abs,0.6880421052631579,0.09771813775354811,1,1,9,49,941,10,0.1,0.02,0.03333333333333333,0.009473684210526316
imdb,cf,1000,0.05,43,full,PD_max_abs,0.6880421052631579,0.09771813775354811,3,5,25,45,925,30,0.16666666666666666,0.1,0.125,0.02631578947368421
imdb,cf,1000,0.05,43,full,PD_max_abs,0.6880421052631579,0.09771813775354811,5,8,42,42,908,50,0.16,0.16,0.16,0.04421052631578947
imdb,cf,1000,0.05,43,full,PD_max_abs,0.6880421052631579,0.09771813775354811,10,9,91,41,859,100,0.09,0.18,0.12,0.09578947368421052
imdb,cf,1000,0.05,43,full,PD_positive_oracle,0.7472842105263158,0.10884647872220568,1,1,9,49,941,10,0.1,0.02,0.03333333333333333,0.009473684210526316
imdb,cf,1000,0.05,43,full,PD_positive_oracle,0.7472842105263158,0.10884647872220568,3,5,25,45,925,30,0.16666666666666666,0.1,0.125,0.02631578947368421
imdb,cf,1000,0.05,43,full,PD_positive_oracle,0.7472842105263158,0.10884647872220568,5,8,42,42,908,50,0.16,0.16,0.16,0.04421052631578947
imdb,cf,1000,0.05,43,full,PD_positive_oracle,0.7472842105263158,0.10884647872220568,10,9,91,41,859,100,0.09,0.18,0.12,0.09578947368421052
imdb,cf,1000,0.05,43,full,base_label_NLL,0.9413473684210527,0.5207828020753337,1,7,3,43,947,10,0.7,0.14,0.23333333333333334,0.003157894736842105
imdb,cf,1000,0.05,43,full,base_label_NLL,0.9413473684210527,0.5207828020753337,3,19,11,31,939,30,0.6333333333333333,0.38,0.475,0.011578947368421053
imdb,cf,1000,0.05,43,full,base_label_NLL,0.9413473684210527,0.5207828020753337,5,28,22,22,928,50,0.56,0.56,0.56,0.023157894736842106
imdb,cf,1000,0.05,43,full,base_label_NLL,0.9413473684210527,0.5207828020753337,10,39,61,11,889,100,0.39,0.78,0.52,0.06421052631578947
imdb,cf,1000,0.05,43,full,adapted_label_NLL,0.7479157894736842,0.20833973444301876,1,4,6,46,944,10,0.4,0.08,0.13333333333333333,0.00631578947368421
imdb,cf,1000,0.05,43,full,adapted_label_NLL,0.7479157894736842,0.20833973444301876,3,5,25,45,925,30,0.16666666666666666,0.1,0.125,0.02631578947368421
imdb,cf,1000,0.05,43,full,adapted_label_NLL,0.7479157894736842,0.20833973444301876,5,13,37,37,913,50,0.26,0.26,0.26,0.03894736842105263
imdb,cf,1000,0.05,43,full,adapted_label_NLL,0.7479157894736842,0.20833973444301876,10,19,81,31,869,100,0.19,0.38,0.25333333333333335,0.08526315789473685
imdb,cf,1000,0.05,43,full,ZScore_token,0.8452631578947368,0.25380710659898476,1,0,10,50,940,10,0.0,0.0,0.0,0.010526315789473684
imdb,cf,1000,0.05,43,full,ZScore_token,0.8452631578947368,0.25380710659898476,3,0,30,50,920,30,0.0,0.0,0.0,0.031578947368421054
imdb,cf,1000,0.05,43,full,ZScore_token,0.8452631578947368,0.25380710659898476,5,0,50,50,900,50,0.0,0.0,0.0,0.05263157894736842
imdb,cf,1000,0.05,43,full,ZScore_token,0.8452631578947368,0.25380710659898476,10,0,100,50,850,100,0.0,0.0,0.0,0.10526315789473684
imdb,cf,1000,0.05,43,full,ZScore_released_unigram,0.257021052631579,0.047909946523191145,1,0,10,50,940,10,0.0,0.0,0.0,0.010526315789473684
imdb,cf,1000,0.05,43,full,ZScore_released_unigram,0.257021052631579,0.047909946523191145,3,0,30,50,920,30,0.0,0.0,0.0,0.031578947368421054
imdb,cf,1000,0.05,43,full,ZScore_released_unigram,0.257021052631579,0.047909946523191145,5,0,50,50,900,50,0.0,0.0,0.0,0.05263157894736842
imdb,cf,1000,0.05,43,full,ZScore_released_unigram,0.257021052631579,0.047909946523191145,10,0,100,50,850,100,0.0,0.0,0.0,0.10526315789473684
imdb,cf,1000,0.05,44,full,PD_KL,0.9291368421052633,0.4037151771397374,1,6,4,44,946,10,0.6,0.12,0.2,0.004210526315789474
imdb,cf,1000,0.05,44,full,PD_KL,0.9291368421052633,0.4037151771397374,3,17,13,33,937,30,0.5666666666666667,0.34,0.425,0.01368421052631579
imdb,cf,1000,0.05,44,full,PD_KL,0.9291368421052633,0.4037151771397374,5,22,28,28,922,50,0.44,0.44,0.44,0.029473684210526315
imdb,cf,1000,0.05,44,full,PD_KL,0.9291368421052633,0.4037151771397374,10,34,66,16,884,100,0.34,0.68,0.4533333333333333,0.06947368421052631
imdb,cf,1000,0.05,44,full,PD_label_KL,0.9293684210526316,0.40399250313369645,1,6,4,44,946,10,0.6,0.12,0.2,0.004210526315789474
imdb,cf,1000,0.05,44,full,PD_label_KL,0.9293684210526316,0.40399250313369645,3,17,13,33,937,30,0.5666666666666667,0.34,0.425,0.01368421052631579
imdb,cf,1000,0.05,44,full,PD_label_KL,0.9293684210526316,0.40399250313369645,5,22,28,28,922,50,0.44,0.44,0.44,0.029473684210526315
imdb,cf,1000,0.05,44,full,PD_label_KL,0.9293684210526316,0.40399250313369645,10,34,66,16,884,100,0.34,0.68,0.4533333333333333,0.06947368421052631
imdb,cf,1000,0.05,44,full,PD_observed,0.7593684210526317,0.18466663347639078,1,3,7,47,943,10,0.3,0.06,0.1,0.007368421052631579
imdb,cf,1000,0.05,44,full,PD_observed,0.7593684210526317,0.18466663347639078,3,8,22,42,928,30,0.26666666666666666,0.16,0.2,0.023157894736842106
imdb,cf,1000,0.05,44,full,PD_observed,0.7593684210526317,0.18466663347639078,5,14,36,36,914,50,0.28,0.28,0.28,0.037894736842105266
imdb,cf,1000,0.05,44,full,PD_observed,0.7593684210526317,0.18466663347639078,10,22,78,28,872,100,0.22,0.44,0.29333333333333333,0.08210526315789474
imdb,cf,1000,0.05,44,full,PD_max_abs,0.7593052631578947,0.18466210963462537,1,3,7,47,943,10,0.3,0.06,0.1,0.007368421052631579
imdb,cf,1000,0.05,44,full,PD_max_abs,0.7593052631578947,0.18466210963462537,3,8,22,42,928,30,0.26666666666666666,0.16,0.2,0.023157894736842106
imdb,cf,1000,0.05,44,full,PD_max_abs,0.7593052631578947,0.18466210963462537,5,14,36,36,914,50,0.28,0.28,0.28,0.037894736842105266
imdb,cf,1000,0.05,44,full,PD_max_abs,0.7593052631578947,0.18466210963462537,10,22,78,28,872,100,0.22,0.44,0.29333333333333333,0.08210526315789474
imdb,cf,1000,0.05,44,full,PD_positive_oracle,0.8021473684210526,0.194078841262062,1,3,7,47,943,10,0.3,0.06,0.1,0.007368421052631579
imdb,cf,1000,0.05,44,full,PD_positive_oracle,0.8021473684210526,0.194078841262062,3,8,22,42,928,30,0.26666666666666666,0.16,0.2,0.023157894736842106
imdb,cf,1000,0.05,44,full,PD_positive_oracle,0.8021473684210526,0.194078841262062,5,15,35,35,915,50,0.3,0.3,0.3,0.03684210526315789
imdb,cf,1000,0.05,44,full,PD_positive_oracle,0.8021473684210526,0.194078841262062,10,22,78,28,872,100,0.22,0.44,0.29333333333333333,0.08210526315789474
imdb,cf,1000,0.05,44,full,base_label_NLL,0.9326315789473685,0.43882736426016083,1,5,5,45,945,10,0.5,0.1,0.16666666666666666,0.005263157894736842
imdb,cf,1000,0.05,44,full,base_label_NLL,0.9326315789473685,0.43882736426016083,3,18,12,32,938,30,0.6,0.36,0.45,0.01263157894736842
imdb,cf,1000,0.05,44,full,base_label_NLL,0.9326315789473685,0.43882736426016083,5,24,26,26,924,50,0.48,0.48,0.48,0.02736842105263158
imdb,cf,1000,0.05,44,full,base_label_NLL,0.9326315789473685,0.43882736426016083,10,33,67,17,883,100,0.33,0.66,0.44,0.07052631578947369
imdb,cf,1000,0.05,44,full,adapted_label_NLL,0.5925894736842106,0.112627728865631,1,3,7,47,943,10,0.3,0.06,0.1,0.007368421052631579
imdb,cf,1000,0.05,44,full,adapted_label_NLL,0.5925894736842106,0.112627728865631,3,8,22,42,928,30,0.26666666666666666,0.16,0.2,0.023157894736842106
imdb,cf,1000,0.05,44,full,adapted_label_NLL,0.5925894736842106,0.112627728865631,5,12,38,38,912,50,0.24,0.24,0.24,0.04
imdb,cf,1000,0.05,44,full,adapted_label_NLL,0.5925894736842106,0.112627728865631,10,13,87,37,863,100,0.13,0.26,0.17333333333333334,0.09157894736842105
imdb,cf,1000,0.05,44,full,ZScore_token,0.7757894736842106,0.19011406844106463,1,0,10,50,940,10,0.0,0.0,0.0,0.010526315789473684
imdb,cf,1000,0.05,44,full,ZScore_token,0.7757894736842106,0.19011406844106463,3,0,30,50,920,30,0.0,0.0,0.0,0.031578947368421054
imdb,cf,1000,0.05,44,full,ZScore_token,0.7757894736842106,0.19011406844106463,5,0,50,50,900,50,0.0,0.0,0.0,0.05263157894736842
imdb,cf,1000,0.05,44,full,ZScore_token,0.7757894736842106,0.19011406844106463,10,0,100,50,850,100,0.0,0.0,0.0,0.10526315789473684
imdb,cf,1000,0.05,44,full,ZScore_released_unigram,0.2673684210526316,0.050352467270896276,1,0,10,50,940,10,0.0,0.0,0.0,0.010526315789473684
imdb,cf,1000,0.05,44,full,ZScore_released_unigram,0.2673684210526316,0.050352467270896276,3,0,30,50,920,30,0.0,0.0,0.0,0.031578947368421054
imdb,cf,1000,0.05,44,full,ZScore_released_unigram,0.2673684210526316,0.050352467270896276,5,0,50,50,900,50,0.0,0.0,0.0,0.05263157894736842
imdb,cf,1000,0.05,44,full,ZScore_released_unigram,0.2673684210526316,0.050352467270896276,10,0,100,50,850,100,0.0,0.0,0.0,0.10526315789473684
imdb,cf,1000,0.0,42,full,PD_KL,,,1,0,10,0,990,10,0.0,,0.0,0.01
imdb,cf,1000,0.0,42,full,PD_KL,,,3,0,30,0,970,30,0.0,,0.0,0.03
imdb,cf,1000,0.0,42,full,PD_KL,,,5,0,50,0,950,50,0.0,,0.0,0.05
imdb,cf,1000,0.0,42,full,PD_KL,,,10,0,100,0,900,100,0.0,,0.0,0.1
imdb,cf,1000,0.0,42,full,PD_label_KL,,,1,0,10,0,990,10,0.0,,0.0,0.01
imdb,cf,1000,0.0,42,full,PD_label_KL,,,3,0,30,0,970,30,0.0,,0.0,0.03
imdb,cf,1000,0.0,42,full,PD_label_KL,,,5,0,50,0,950,50,0.0,,0.0,0.05
imdb,cf,1000,0.0,42,full,PD_label_KL,,,10,0,100,0,900,100,0.0,,0.0,0.1
imdb,cf,1000,0.0,42,full,PD_observed,,,1,0,10,0,990,10,0.0,,0.0,0.01
imdb,cf,1000,0.0,42,full,PD_observed,,,3,0,30,0,970,30,0.0,,0.0,0.03
imdb,cf,1000,0.0,42,full,PD_observed,,,5,0,50,0,950,50,0.0,,0.0,0.05
imdb,cf,1000,0.0,42,full,PD_observed,,,10,0,100,0,900,100,0.0,,0.0,0.1
imdb,cf,1000,0.0,42,full,PD_max_abs,,,1,0,10,0,990,10,0.0,,0.0,0.01
imdb,cf,1000,0.0,42,full,PD_max_abs,,,3,0,30,0,970,30,0.0,,0.0,0.03
imdb,cf,1000,0.0,42,full,PD_max_abs,,,5,0,50,0,950,50,0.0,,0.0,0.05
imdb,cf,1000,0.0,42,full,PD_max_abs,,,10,0,100,0,900,100,0.0,,0.0,0.1
imdb,cf,1000,0.0,42,full,PD_positive_oracle,,,1,0,10,0,990,10,0.0,,0.0,0.01
imdb,cf,1000,0.0,42,full,PD_positive_oracle,,,3,0,30,0,970,30,0.0,,0.0,0.03
imdb,cf,1000,0.0,42,full,PD_positive_oracle,,,5,0,50,0,950,50,0.0,,0.0,0.05
imdb,cf,1000,0.0,42,full,PD_positive_oracle,,,10,0,100,0,900,100,0.0,,0.0,0.1
imdb,cf,1000,0.0,42,full,base_label_NLL,,,1,0,10,0,990,10,0.0,,0.0,0.01
imdb,cf,1000,0.0,42,full,base_label_NLL,,,3,0,30,0,970,30,0.0,,0.0,0.03
imdb,cf,1000,0.0,42,full,base_label_NLL,,,5,0,50,0,950,50,0.0,,0.0,0.05
imdb,cf,1000,0.0,42,full,base_label_NLL,,,10,0,100,0,900,100,0.0,,0.0,0.1
imdb,cf,1000,0.0,42,full,adapted_label_NLL,,,1,0,10,0,990,10,0.0,,0.0,0.01
imdb,cf,1000,0.0,42,full,adapted_label_NLL,,,3,0,30,0,970,30,0.0,,0.0,0.03
imdb,cf,1000,0.0,42,full,adapted_label_NLL,,,5,0,50,0,950,50,0.0,,0.0,0.05
imdb,cf,1000,0.0,42,full,adapted_label_NLL,,,10,0,100,0,900,100,0.0,,0.0,0.1
imdb,cf,1000,0.0,42,full,ZScore_token,,,1,0,10,0,990,10,0.0,,0.0,0.01
imdb,cf,1000,0.0,42,full,ZScore_token,,,3,0,30,0,970,30,0.0,,0.0,0.03
imdb,cf,1000,0.0,42,full,ZScore_token,,,5,0,50,0,950,50,0.0,,0.0,0.05
imdb,cf,1000,0.0,42,full,ZScore_token,,,10,0,100,0,900,100,0.0,,0.0,0.1
imdb,cf,1000,0.0,42,full,ZScore_released_unigram,,,1,0,10,0,990,10,0.0,,0.0,0.01
imdb,cf,1000,0.0,42,full,ZScore_released_unigram,,,3,0,30,0,970,30,0.0,,0.0,0.03
imdb,cf,1000,0.0,42,full,ZScore_released_unigram,,,5,0,50,0,950,50,0.0,,0.0,0.05
imdb,cf,1000,0.0,42,full,ZScore_released_unigram,,,10,0,100,0,900,100,0.0,,0.0,0.1
imdb,cf,1000,0.0,43,full,PD_KL,,,1,0,10,0,990,10,0.0,,0.0,0.01
imdb,cf,1000,0.0,43,full,PD_KL,,,3,0,30,0,970,30,0.0,,0.0,0.03
imdb,cf,1000,0.0,43,full,PD_KL,,,5,0,50,0,950,50,0.0,,0.0,0.05
imdb,cf,1000,0.0,43,full,PD_KL,,,10,0,100,0,900,100,0.0,,0.0,0.1
imdb,cf,1000,0.0,43,full,PD_label_KL,,,1,0,10,0,990,10,0.0,,0.0,0.01
imdb,cf,1000,0.0,43,full,PD_label_KL,,,3,0,30,0,970,30,0.0,,0.0,0.03
imdb,cf,1000,0.0,43,full,PD_label_KL,,,5,0,50,0,950,50,0.0,,0.0,0.05
imdb,cf,1000,0.0,43,full,PD_label_KL,,,10,0,100,0,900,100,0.0,,0.0,0.1
imdb,cf,1000,0.0,43,full,PD_observed,,,1,0,10,0,990,10,0.0,,0.0,0.01
imdb,cf,1000,0.0,43,full,PD_observed,,,3,0,30,0,970,30,0.0,,0.0,0.03
imdb,cf,1000,0.0,43,full,PD_observed,,,5,0,50,0,950,50,0.0,,0.0,0.05
imdb,cf,1000,0.0,43,full,PD_observed,,,10,0,100,0,900,100,0.0,,0.0,0.1
imdb,cf,1000,0.0,43,full,PD_max_abs,,,1,0,10,0,990,10,0.0,,0.0,0.01
imdb,cf,1000,0.0,43,full,PD_max_abs,,,3,0,30,0,970,30,0.0,,0.0,0.03
imdb,cf,1000,0.0,43,full,PD_max_abs,,,5,0,50,0,950,50,0.0,,0.0,0.05
imdb,cf,1000,0.0,43,full,PD_max_abs,,,10,0,100,0,900,100,0.0,,0.0,0.1
imdb,cf,1000,0.0,43,full,PD_positive_oracle,,,1,0,10,0,990,10,0.0,,0.0,0.01
imdb,cf,1000,0.0,43,full,PD_positive_oracle,,,3,0,30,0,970,30,0.0,,0.0,0.03
imdb,cf,1000,0.0,43,full,PD_positive_oracle,,,5,0,50,0,950,50,0.0,,0.0,0.05
imdb,cf,1000,0.0,43,full,PD_positive_oracle,,,10,0,100,0,900,100,0.0,,0.0,0.1
imdb,cf,1000,0.0,43,full,base_label_NLL,,,1,0,10,0,990,10,0.0,,0.0,0.01
imdb,cf,1000,0.0,43,full,base_label_NLL,,,3,0,30,0,970,30,0.0,,0.0,0.03
imdb,cf,1000,0.0,43,full,base_label_NLL,,,5,0,50,0,950,50,0.0,,0.0,0.05
imdb,cf,1000,0.0,43,full,base_label_NLL,,,10,0,100,0,900,100,0.0,,0.0,0.1
imdb,cf,1000,0.0,43,full,adapted_label_NLL,,,1,0,10,0,990,10,0.0,,0.0,0.01
imdb,cf,1000,0.0,43,full,adapted_label_NLL,,,3,0,30,0,970,30,0.0,,0.0,0.03
imdb,cf,1000,0.0,43,full,adapted_label_NLL,,,5,0,50,0,950,50,0.0,,0.0,0.05
imdb,cf,1000,0.0,43,full,adapted_label_NLL,,,10,0,100,0,900,100,0.0,,0.0,0.1
imdb,cf,1000,0.0,43,full,ZScore_token,,,1,0,10,0,990,10,0.0,,0.0,0.01
imdb,cf,1000,0.0,43,full,ZScore_token,,,3,0,30,0,970,30,0.0,,0.0,0.03
imdb,cf,1000,0.0,43,full,ZScore_token,,,5,0,50,0,950,50,0.0,,0.0,0.05
imdb,cf,1000,0.0,43,full,ZScore_token,,,10,0,100,0,900,100,0.0,,0.0,0.1
imdb,cf,1000,0.0,43,full,ZScore_released_unigram,,,1,0,10,0,990,10,0.0,,0.0,0.01
imdb,cf,1000,0.0,43,full,ZScore_released_unigram,,,3,0,30,0,970,30,0.0,,0.0,0.03
imdb,cf,1000,0.0,43,full,ZScore_released_unigram,,,5,0,50,0,950,50,0.0,,0.0,0.05
imdb,cf,1000,0.0,43,full,ZScore_released_unigram,,,10,0,100,0,900,100,0.0,,0.0,0.1
imdb,cf,1000,0.0,44,full,PD_KL,,,1,0,10,0,990,10,0.0,,0.0,0.01
imdb,cf,1000,0.0,44,full,PD_KL,,,3,0,30,0,970,30,0.0,,0.0,0.03
imdb,cf,1000,0.0,44,full,PD_KL,,,5,0,50,0,950,50,0.0,,0.0,0.05
imdb,cf,1000,0.0,44,full,PD_KL,,,10,0,100,0,900,100,0.0,,0.0,0.1
imdb,cf,1000,0.0,44,full,PD_label_KL,,,1,0,10,0,990,10,0.0,,0.0,0.01
imdb,cf,1000,0.0,44,full,PD_label_KL,,,3,0,30,0,970,30,0.0,,0.0,0.03
imdb,cf,1000,0.0,44,full,PD_label_KL,,,5,0,50,0,950,50,0.0,,0.0,0.05
imdb,cf,1000,0.0,44,full,PD_label_KL,,,10,0,100,0,900,100,0.0,,0.0,0.1
imdb,cf,1000,0.0,44,full,PD_observed,,,1,0,10,0,990,10,0.0,,0.0,0.01
imdb,cf,1000,0.0,44,full,PD_observed,,,3,0,30,0,970,30,0.0,,0.0,0.03
imdb,cf,1000,0.0,44,full,PD_observed,,,5,0,50,0,950,50,0.0,,0.0,0.05
imdb,cf,1000,0.0,44,full,PD_observed,,,10,0,100,0,900,100,0.0,,0.0,0.1
imdb,cf,1000,0.0,44,full,PD_max_abs,,,1,0,10,0,990,10,0.0,,0.0,0.01
imdb,cf,1000,0.0,44,full,PD_max_abs,,,3,0,30,0,970,30,0.0,,0.0,0.03
imdb,cf,1000,0.0,44,full,PD_max_abs,,,5,0,50,0,950,50,0.0,,0.0,0.05
imdb,cf,1000,0.0,44,full,PD_max_abs,,,10,0,100,0,900,100,0.0,,0.0,0.1
imdb,cf,1000,0.0,44,full,PD_positive_oracle,,,1,0,10,0,990,10,0.0,,0.0,0.01
imdb,cf,1000,0.0,44,full,PD_positive_oracle,,,3,0,30,0,970,30,0.0,,0.0,0.03
imdb,cf,1000,0.0,44,full,PD_positive_oracle,,,5,0,50,0,950,50,0.0,,0.0,0.05
imdb,cf,1000,0.0,44,full,PD_positive_oracle,,,10,0,100,0,900,100,0.0,,0.0,0.1
imdb,cf,1000,0.0,44,full,base_label_NLL,,,1,0,10,0,990,10,0.0,,0.0,0.01
imdb,cf,1000,0.0,44,full,base_label_NLL,,,3,0,30,0,970,30,0.0,,0.0,0.03
imdb,cf,1000,0.0,44,full,base_label_NLL,,,5,0,50,0,950,50,0.0,,0.0,0.05
imdb,cf,1000,0.0,44,full,base_label_NLL,,,10,0,100,0,900,100,0.0,,0.0,0.1
imdb,cf,1000,0.0,44,full,adapted_label_NLL,,,1,0,10,0,990,10,0.0,,0.0,0.01
imdb,cf,1000,0.0,44,full,adapted_label_NLL,,,3,0,30,0,970,30,0.0,,0.0,0.03
imdb,cf,1000,0.0,44,full,adapted_label_NLL,,,5,0,50,0,950,50,0.0,,0.0,0.05
imdb,cf,1000,0.0,44,full,adapted_label_NLL,,,10,0,100,0,900,100,0.0,,0.0,0.1
imdb,cf,1000,0.0,44,full,ZScore_token,,,1,0,10,0,990,10,0.0,,0.0,0.01
imdb,cf,1000,0.0,44,full,ZScore_token,,,3,0,30,0,970,30,0.0,,0.0,0.03
imdb,cf,1000,0.0,44,full,ZScore_token,,,5,0,50,0,950,50,0.0,,0.0,0.05
imdb,cf,1000,0.0,44,full,ZScore_token,,,10,0,100,0,900,100,0.0,,0.0,0.1
imdb,cf,1000,0.0,44,full,ZScore_released_unigram,,,1,0,10,0,990,10,0.0,,0.0,0.01
imdb,cf,1000,0.0,44,full,ZScore_released_unigram,,,3,0,30,0,970,30,0.0,,0.0,0.03
imdb,cf,1000,0.0,44,full,ZScore_released_unigram,,,5,0,50,0,950,50,0.0,,0.0,0.05
imdb,cf,1000,0.0,44,full,ZScore_released_unigram,,,10,0,100,0,900,100,0.0,,0.0,0.1
sst2,scpn,6000,0.01,42,full,PD_KL,0.9257519640852975,0.1176217360085788,1,12,48,48,5892,60,0.2,0.2,0.2,0.00808080808080808
sst2,scpn,6000,0.01,42,full,PD_KL,0.9257519640852975,0.1176217360085788,3,25,155,35,5785,180,0.1388888888888889,0.4166666666666667,0.20833333333333334,0.026094276094276093
sst2,scpn,6000,0.01,42,full,PD_KL,0.9257519640852975,0.1176217360085788,5,33,267,27,5673,300,0.11,0.55,0.18333333333333332,0.04494949494949495
sst2,scpn,6000,0.01,42,full,PD_KL,0.9257519640852975,0.1176217360085788,10,44,556,16,5384,600,0.07333333333333333,0.7333333333333333,0.13333333333333333,0.0936026936026936
sst2,scpn,6000,0.01,42,full,PD_label_KL,0.9257547699214366,0.1177273662094044,1,12,48,48,5892,60,0.2,0.2,0.2,0.00808080808080808
sst2,scpn,6000,0.01,42,full,PD_label_KL,0.9257547699214366,0.1177273662094044,3,25,155,35,5785,180,0.1388888888888889,0.4166666666666667,0.20833333333333334,0.026094276094276093
sst2,scpn,6000,0.01,42,full,PD_label_KL,0.9257547699214366,0.1177273662094044,5,33,267,27,5673,300,0.11,0.55,0.18333333333333332,0.04494949494949495
sst2,scpn,6000,0.01,42,full,PD_label_KL,0.9257547699214366,0.1177273662094044,10,44,556,16,5384,600,0.07333333333333333,0.7333333333333333,0.13333333333333333,0.0936026936026936
sst2,scpn,6000,0.01,42,full,PD_observed,0.6082239057239058,0.018143762798527648,1,3,57,57,5883,60,0.05,0.05,0.05,0.009595959595959595
sst2,scpn,6000,0.01,42,full,PD_observed,0.6082239057239058,0.018143762798527648,3,5,175,55,5765,180,0.027777777777777776,0.08333333333333333,0.041666666666666664,0.029461279461279462
sst2,scpn,6000,0.01,42,full,PD_observed,0.6082239057239058,0.018143762798527648,5,7,293,53,5647,300,0.023333333333333334,0.11666666666666667,0.03888888888888889,0.04932659932659933
sst2,scpn,6000,0.01,42,full,PD_observed,0.6082239057239058,0.018143762798527648,10,9,591,51,5349,600,0.015,0.15,0.02727272727272727,0.0994949494949495
sst2,scpn,6000,0.01,42,full,PD_max_abs,0.6082154882154882,0.01814367741420113,1,3,57,57,5883,60,0.05,0.05,0.05,0.009595959595959595
sst2,scpn,6000,0.01,42,full,PD_max_abs,0.6082154882154882,0.01814367741420113,3,5,175,55,5765,180,0.027777777777777776,0.08333333333333333,0.041666666666666664,0.029461279461279462
sst2,scpn,6000,0.01,42,full,PD_max_abs,0.6082154882154882,0.01814367741420113,5,7,293,53,5647,300,0.023333333333333334,0.11666666666666667,0.03888888888888889,0.04932659932659933
sst2,scpn,6000,0.01,42,full,PD_max_abs,0.6082154882154882,0.01814367741420113,10,9,591,51,5349,600,0.015,0.15,0.02727272727272727,0.0994949494949495
sst2,scpn,6000,0.01,42,full,PD_positive_oracle,0.7126374859708193,0.021206453005532984,1,3,57,57,5883,60,0.05,0.05,0.05,0.009595959595959595
sst2,scpn,6000,0.01,42,full,PD_positive_oracle,0.7126374859708193,0.021206453005532984,3,6,174,54,5766,180,0.03333333333333333,0.1,0.05,0.029292929292929294
sst2,scpn,6000,0.01,42,full,PD_positive_oracle,0.7126374859708193,0.021206453005532984,5,7,293,53,5647,300,0.023333333333333334,0.11666666666666667,0.03888888888888889,0.04932659932659933
sst2,scpn,6000,0.01,42,full,PD_positive_oracle,0.7126374859708193,0.021206453005532984,10,9,591,51,5349,600,0.015,0.15,0.02727272727272727,0.0994949494949495
sst2,scpn,6000,0.01,42,full,base_label_NLL,0.9318350168350168,0.13879920359878978,1,13,47,47,5893,60,0.21666666666666667,0.21666666666666667,0.21666666666666667,0.007912457912457913
sst2,scpn,6000,0.01,42,full,base_label_NLL,0.9318350168350168,0.13879920359878978,3,27,153,33,5787,180,0.15,0.45,0.225,0.025757575757575757
sst2,scpn,6000,0.01,42,full,base_label_NLL,0.9318350168350168,0.13879920359878978,5,34,266,26,5674,300,0.11333333333333333,0.5666666666666667,0.18888888888888888,0.04478114478114478
sst2,scpn,6000,0.01,42,full,base_label_NLL,0.9318350168350168,0.13879920359878978,10,45,555,15,5385,600,0.075,0.75,0.13636363636363635,0.09343434343434344
sst2,scpn,6000,0.01,42,full,adapted_label_NLL,0.7546436588103254,0.06791836919811212,1,6,54,54,5886,60,0.1,0.1,0.1,0.00909090909090909
sst2,scpn,6000,0.01,42,full,adapted_label_NLL,0.7546436588103254,0.06791836919811212,3,11,169,49,5771,180,0.06111111111111111,0.18333333333333332,0.09166666666666666,0.028451178451178453
sst2,scpn,6000,0.01,42,full,adapted_label_NLL,0.7546436588103254,0.06791836919811212,5,14,286,46,5654,300,0.04666666666666667,0.23333333333333334,0.07777777777777778,0.04814814814814815
sst2,scpn,6000,0.01,42,full,adapted_label_NLL,0.7546436588103254,0.06791836919811212,10,23,577,37,5363,600,0.03833333333333333,0.38333333333333336,0.0696969696969697,0.09713804713804713
sst2,scpn,6000,0.01,42,full,ZScore_token,0.31533249158249166,0.0075924105282660186,1,0,60,60,5880,60,0.0,0.0,0.0,0.010101010101010102
sst2,scpn,6000,0.01,42,full,ZScore_token,0.31533249158249166,0.0075924105282660186,3,0,180,60,5760,180,0.0,0.0,0.0,0.030303030303030304
sst2,scpn,6000,0.01,42,full,ZScore_token,0.31533249158249166,0.0075924105282660186,5,0,300,60,5640,300,0.0,0.0,0.0,0.050505050505050504
sst2,scpn,6000,0.01,42,full,ZScore_token,0.31533249158249166,0.0075924105282660186,10,0,600,60,5340,600,0.0,0.0,0.0,0.10101010101010101
sst2,scpn,6000,0.01,42,full,ZScore_released_unigram,0.4372124017957352,0.010136355549224006,1,0,60,60,5880,60,0.0,0.0,0.0,0.010101010101010102
sst2,scpn,6000,0.01,42,full,ZScore_released_unigram,0.4372124017957352,0.010136355549224006,3,0,180,60,5760,180,0.0,0.0,0.0,0.030303030303030304
sst2,scpn,6000,0.01,42,full,ZScore_released_unigram,0.4372124017957352,0.010136355549224006,5,0,300,60,5640,300,0.0,0.0,0.0,0.050505050505050504
sst2,scpn,6000,0.01,42,full,ZScore_released_unigram,0.4372124017957352,0.010136355549224006,10,0,600,60,5340,600,0.0,0.0,0.0,0.10101010101010101
sst2,scpn,6000,0.01,43,full,PD_KL,0.9199747474747475,0.14593381205008493,1,13,47,47,5893,60,0.21666666666666667,0.21666666666666667,0.21666666666666667,0.007912457912457913
sst2,scpn,6000,0.01,43,full,PD_KL,0.9199747474747475,0.14593381205008493,3,29,151,31,5789,180,0.16111111111111112,0.48333333333333334,0.24166666666666667,0.02542087542087542
sst2,scpn,6000,0.01,43,full,PD_KL,0.9199747474747475,0.14593381205008493,5,36,264,24,5676,300,0.12,0.6,0.2,0.044444444444444446
sst2,scpn,6000,0.01,43,full,PD_KL,0.9199747474747475,0.14593381205008493,10,46,554,14,5386,600,0.07666666666666666,0.7666666666666667,0.1393939393939394,0.09326599326599326
sst2,scpn,6000,0.01,43,full,PD_label_KL,0.9196745230078563,0.14588696519528777,1,13,47,47,5893,60,0.21666666666666667,0.21666666666666667,0.21666666666666667,0.007912457912457913
sst2,scpn,6000,0.01,43,full,PD_label_KL,0.9196745230078563,0.14588696519528777,3,29,151,31,5789,180,0.16111111111111112,0.48333333333333334,0.24166666666666667,0.02542087542087542
sst2,scpn,6000,0.01,43,full,PD_label_KL,0.9196745230078563,0.14588696519528777,5,37,263,23,5677,300,0.12333333333333334,0.6166666666666667,0.20555555555555555,0.044276094276094274
sst2,scpn,6000,0.01,43,full,PD_label_KL,0.9196745230078563,0.14588696519528777,10,46,554,14,5386,600,0.07666666666666666,0.7666666666666667,0.1393939393939394,0.09326599326599326
sst2,scpn,6000,0.01,43,full,PD_observed,0.4317283950617284,0.009081460420096242,1,1,59,59,5881,60,0.016666666666666666,0.016666666666666666,0.016666666666666666,0.009932659932659932
sst2,scpn,6000,0.01,43,full,PD_observed,0.4317283950617284,0.009081460420096242,3,1,179,59,5761,180,0.005555555555555556,0.016666666666666666,0.008333333333333333,0.030134680134680136
sst2,scpn,6000,0.01,43,full,PD_observed,0.4317283950617284,0.009081460420096242,5,3,297,57,5643,300,0.01,0.05,0.016666666666666666,0.05
sst2,scpn,6000,0.01,43,full,PD_observed,0.4317283950617284,0.009081460420096242,10,6,594,54,5346,600,0.01,0.1,0.01818181818181818,0.1
sst2,scpn,6000,0.01,43,full,PD_max_abs,0.43172558922558923,0.009081431814059269,1,1,59,59,5881,60,0.016666666666666666,0.016666666666666666,0.016666666666666666,0.009932659932659932
sst2,scpn,6000,0.01,43,full,PD_max_abs,0.43172558922558923,0.009081431814059269,3,1,179,59,5761,180,0.005555555555555556,0.016666666666666666,0.008333333333333333,0.030134680134680136
sst2,scpn,6000,0.01,43,full,PD_max_abs,0.43172558922558923,0.009081431814059269,5,3,297,57,5643,300,0.01,0.05,0.016666666666666666,0.05
sst2,scpn,6000,0.01,43,full,PD_max_abs,0.43172558922558923,0.009081431814059269,10,6,594,54,5346,600,0.01,0.1,0.01818181818181818,0.1
sst2,scpn,6000,0.01,43,full,PD_positive_oracle,0.6391358024691358,0.013377577531999803,1,1,59,59,5881,60,0.016666666666666666,0.016666666666666666,0.016666666666666666,0.009932659932659932
sst2,scpn,6000,0.01,43,full,PD_positive_oracle,0.6391358024691358,0.013377577531999803,3,1,179,59,5761,180,0.005555555555555556,0.016666666666666666,0.008333333333333333,0.030134680134680136
sst2,scpn,6000,0.01,43,full,PD_positive_oracle,0.6391358024691358,0.013377577531999803,5,3,297,57,5643,300,0.01,0.05,0.016666666666666666,0.05
sst2,scpn,6000,0.01,43,full,PD_positive_oracle,0.6391358024691358,0.013377577531999803,10,7,593,53,5347,600,0.011666666666666667,0.11666666666666667,0.021212121212121213,0.09983164983164983
sst2,scpn,6000,0.01,43,full,base_label_NLL,0.9214674523007856,0.16921426253122904,1,15,45,45,5895,60,0.25,0.25,0.25,0.007575757575757576
sst2,scpn,6000,0.01,43,full,base_label_NLL,0.9214674523007856,0.16921426253122904,3,30,150,30,5790,180,0.16666666666666666,0.5,0.25,0.025252525252525252
sst2,scpn,6000,0.01,43,full,base_label_NLL,0.9214674523007856,0.16921426253122904,5,37,263,23,5677,300,0.12333333333333334,0.6166666666666667,0.20555555555555555,0.044276094276094274
sst2,scpn,6000,0.01,43,full,base_label_NLL,0.9214674523007856,0.16921426253122904,10,46,554,14,5386,600,0.07666666666666666,0.7666666666666667,0.1393939393939394,0.09326599326599326
sst2,scpn,6000,0.01,43,full,adapted_label_NLL,0.8644023569023569,0.09618979358492395,1,8,52,52,5888,60,0.13333333333333333,0.13333333333333333,0.13333333333333333,0.008754208754208754
sst2,scpn,6000,0.01,43,full,adapted_label_NLL,0.8644023569023569,0.09618979358492395,3,23,157,37,5783,180,0.12777777777777777,0.38333333333333336,0.19166666666666668,0.02643097643097643
sst2,scpn,6000,0.01,43,full,adapted_label_NLL,0.8644023569023569,0.09618979358492395,5,26,274,34,5666,300,0.08666666666666667,0.43333333333333335,0.14444444444444443,0.04612794612794613
sst2,scpn,6000,0.01,43,full,adapted_label_NLL,0.8644023569023569,0.09618979358492395,10,36,564,24,5376,600,0.06,0.6,0.10909090909090909,0.09494949494949495
sst2,scpn,6000,0.01,43,full,ZScore_token,0.370189393939394,0.008090411832935667,1,0,60,60,5880,60,0.0,0.0,0.0,0.010101010101010102
sst2,scpn,6000,0.01,43,full,ZScore_token,0.370189393939394,0.008090411832935667,3,0,180,60,5760,180,0.0,0.0,0.0,0.030303030303030304
sst2,scpn,6000,0.01,43,full,ZScore_token,0.370189393939394,0.008090411832935667,5,0,300,60,5640,300,0.0,0.0,0.0,0.050505050505050504
sst2,scpn,6000,0.01,43,full,ZScore_token,0.370189393939394,0.008090411832935667,10,0,600,60,5340,600,0.0,0.0,0.0,0.10101010101010101
sst2,scpn,6000,0.01,43,full,ZScore_released_unigram,0.4438832772166106,0.011193271975246114,1,0,60,60,5880,60,0.0,0.0,0.0,0.010101010101010102
sst2,scpn,6000,0.01,43,full,ZScore_released_unigram,0.4438832772166106,0.011193271975246114,3,0,180,60,5760,180,0.0,0.0,0.0,0.030303030303030304
sst2,scpn,6000,0.01,43,full,ZScore_released_unigram,0.4438832772166106,0.011193271975246114,5,0,300,60,5640,300,0.0,0.0,0.0,0.050505050505050504
sst2,scpn,6000,0.01,43,full,ZScore_released_unigram,0.4438832772166106,0.011193271975246114,10,0,600,60,5340,600,0.0,0.0,0.0,0.10101010101010101
sst2,scpn,6000,0.01,44,full,PD_KL,0.9398849607182941,0.15445651061835075,1,15,45,45,5895,60,0.25,0.25,0.25,0.007575757575757576
sst2,scpn,6000,0.01,44,full,PD_KL,0.9398849607182941,0.15445651061835075,3,29,151,31,5789,180,0.16111111111111112,0.48333333333333334,0.24166666666666667,0.02542087542087542
sst2,scpn,6000,0.01,44,full,PD_KL,0.9398849607182941,0.15445651061835075,5,34,266,26,5674,300,0.11333333333333333,0.5666666666666667,0.18888888888888888,0.04478114478114478
sst2,scpn,6000,0.01,44,full,PD_KL,0.9398849607182941,0.15445651061835075,10,46,554,14,5386,600,0.07666666666666666,0.7666666666666667,0.1393939393939394,0.09326599326599326
sst2,scpn,6000,0.01,44,full,PD_label_KL,0.939817620650954,0.15460848526913784,1,15,45,45,5895,60,0.25,0.25,0.25,0.007575757575757576
sst2,scpn,6000,0.01,44,full,PD_label_KL,0.939817620650954,0.15460848526913784,3,29,151,31,5789,180,0.16111111111111112,0.48333333333333334,0.24166666666666667,0.02542087542087542
sst2,scpn,6000,0.01,44,full,PD_label_KL,0.939817620650954,0.15460848526913784,5,34,266,26,5674,300,0.11333333333333333,0.5666666666666667,0.18888888888888888,0.04478114478114478
sst2,scpn,6000,0.01,44,full,PD_label_KL,0.939817620650954,0.15460848526913784,10,46,554,14,5386,600,0.07666666666666666,0.7666666666666667,0.1393939393939394,0.09326599326599326
sst2,scpn,6000,0.01,44,full,PD_observed,0.6645145903479238,0.01951110852979831,1,0,60,60,5880,60,0.0,0.0,0.0,0.010101010101010102
sst2,scpn,6000,0.01,44,full,PD_observed,0.6645145903479238,0.01951110852979831,3,4,176,56,5764,180,0.022222222222222223,0.06666666666666667,0.03333333333333333,0.02962962962962963
sst2,scpn,6000,0.01,44,full,PD_observed,0.6645145903479238,0.01951110852979831,5,9,291,51,5649,300,0.03,0.15,0.05,0.04898989898989899
sst2,scpn,6000,0.01,44,full,PD_observed,0.6645145903479238,0.01951110852979831,10,14,586,46,5354,600,0.023333333333333334,0.23333333333333334,0.04242424242424243,0.09865319865319866
sst2,scpn,6000,0.01,44,full,PD_max_abs,0.6645145903479238,0.01951110852979831,1,0,60,60,5880,60,0.0,0.0,0.0,0.010101010101010102
sst2,scpn,6000,0.01,44,full,PD_max_abs,0.6645145903479238,0.01951110852979831,3,4,176,56,5764,180,0.022222222222222223,0.06666666666666667,0.03333333333333333,0.02962962962962963
sst2,scpn,6000,0.01,44,full,PD_max_abs,0.6645145903479238,0.01951110852979831,5,9,291,51,5649,300,0.03,0.15,0.05,0.04898989898989899
sst2,scpn,6000,0.01,44,full,PD_max_abs,0.6645145903479238,0.01951110852979831,10,14,586,46,5354,600,0.023333333333333334,0.23333333333333334,0.04242424242424243,0.09865319865319866
sst2,scpn,6000,0.01,44,full,PD_positive_oracle,0.7449354657687991,0.021899540425485448,1,0,60,60,5880,60,0.0,0.0,0.0,0.010101010101010102
sst2,scpn,6000,0.01,44,full,PD_positive_oracle,0.7449354657687991,0.021899540425485448,3,4,176,56,5764,180,0.022222222222222223,0.06666666666666667,0.03333333333333333,0.02962962962962963
sst2,scpn,6000,0.01,44,full,PD_positive_oracle,0.7449354657687991,0.021899540425485448,5,9,291,51,5649,300,0.03,0.15,0.05,0.04898989898989899
sst2,scpn,6000,0.01,44,full,PD_positive_oracle,0.7449354657687991,0.021899540425485448,10,15,585,45,5355,600,0.025,0.25,0.045454545454545456,0.09848484848484848
sst2,scpn,6000,0.01,44,full,base_label_NLL,0.9401402918069586,0.1497043815841373,1,14,46,46,5894,60,0.23333333333333334,0.23333333333333334,0.23333333333333334,0.007744107744107744
sst2,scpn,6000,0.01,44,full,base_label_NLL,0.9401402918069586,0.1497043815841373,3,29,151,31,5789,180,0.16111111111111112,0.48333333333333334,0.24166666666666667,0.02542087542087542
sst2,scpn,6000,0.01,44,full,base_label_NLL,0.9401402918069586,0.1497043815841373,5,33,267,27,5673,300,0.11,0.55,0.18333333333333332,0.04494949494949495
sst2,scpn,6000,0.01,44,full,base_label_NLL,0.9401402918069586,0.1497043815841373,10,47,553,13,5387,600,0.07833333333333334,0.7833333333333333,0.14242424242424243,0.0930976430976431
sst2,scpn,6000,0.01,44,full,adapted_label_NLL,0.721192480359147,0.027953782861572594,1,4,56,56,5884,60,0.06666666666666667,0.06666666666666667,0.06666666666666667,0.009427609427609427
sst2,scpn,6000,0.01,44,full,adapted_label_NLL,0.721192480359147,0.027953782861572594,3,9,171,51,5769,180,0.05,0.15,0.075,0.02878787878787879
sst2,scpn,6000,0.01,44,full,adapted_label_NLL,0.721192480359147,0.027953782861572594,5,12,288,48,5652,300,0.04,0.2,0.06666666666666667,0.048484848484848485
sst2,scpn,6000,0.01,44,full,adapted_label_NLL,0.721192480359147,0.027953782861572594,10,16,584,44,5356,600,0.02666666666666667,0.26666666666666666,0.048484848484848485,0.09831649831649832
sst2,scpn,6000,0.01,44,full,ZScore_token,0.2773204264870932,0.006951285580443562,1,0,60,60,5880,60,0.0,0.0,0.0,0.010101010101010102
sst2,scpn,6000,0.01,44,full,ZScore_token,0.2773204264870932,0.006951285580443562,3,0,180,60,5760,180,0.0,0.0,0.0,0.030303030303030304
sst2,scpn,6000,0.01,44,full,ZScore_token,0.2773204264870932,0.006951285580443562,5,0,300,60,5640,300,0.0,0.0,0.0,0.050505050505050504
sst2,scpn,6000,0.01,44,full,ZScore_token,0.2773204264870932,0.006951285580443562,10,1,599,59,5341,600,0.0016666666666666668,0.016666666666666666,0.0030303030303030303,0.10084175084175084
sst2,scpn,6000,0.01,44,full,ZScore_released_unigram,0.4566877104377104,0.010854663294917362,1,0,60,60,5880,60,0.0,0.0,0.0,0.010101010101010102
sst2,scpn,6000,0.01,44,full,ZScore_released_unigram,0.4566877104377104,0.010854663294917362,3,0,180,60,5760,180,0.0,0.0,0.0,0.030303030303030304
sst2,scpn,6000,0.01,44,full,ZScore_released_unigram,0.4566877104377104,0.010854663294917362,5,0,300,60,5640,300,0.0,0.0,0.0,0.050505050505050504
sst2,scpn,6000,0.01,44,full,ZScore_released_unigram,0.4566877104377104,0.010854663294917362,10,0,600,60,5340,600,0.0,0.0,0.0,0.10101010101010101
sst2,scpn,6000,0.05,42,full,PD_KL,0.9183076023391814,0.4671194884442829,1,42,18,258,5682,60,0.7,0.14,0.23333333333333334,0.003157894736842105
sst2,scpn,6000,0.05,42,full,PD_KL,0.9183076023391814,0.4671194884442829,3,110,70,190,5630,180,0.6111111111111112,0.36666666666666664,0.4583333333333333,0.012280701754385965
sst2,scpn,6000,0.05,42,full,PD_KL,0.9183076023391814,0.4671194884442829,5,157,143,143,5557,300,0.5233333333333333,0.5233333333333333,0.5233333333333333,0.025087719298245614
sst2,scpn,6000,0.05,42,full,PD_KL,0.9183076023391814,0.4671194884442829,10,213,387,87,5313,600,0.355,0.71,0.47333333333333333,0.06789473684210526
sst2,scpn,6000,0.05,42,full,PD_label_KL,0.918172514619883,0.4670941834968773,1,42,18,258,5682,60,0.7,0.14,0.23333333333333334,0.003157894736842105
sst2,scpn,6000,0.05,42,full,PD_label_KL,0.918172514619883,0.4670941834968773,3,110,70,190,5630,180,0.6111111111111112,0.36666666666666664,0.4583333333333333,0.012280701754385965
sst2,scpn,6000,0.05,42,full,PD_label_KL,0.918172514619883,0.4670941834968773,5,157,143,143,5557,300,0.5233333333333333,0.5233333333333333,0.5233333333333333,0.025087719298245614
sst2,scpn,6000,0.05,42,full,PD_label_KL,0.918172514619883,0.4670941834968773,10,213,387,87,5313,600,0.355,0.71,0.47333333333333333,0.06789473684210526
sst2,scpn,6000,0.05,42,full,PD_observed,0.8134093567251461,0.2374837429930235,1,25,35,275,5665,60,0.4166666666666667,0.08333333333333333,0.1388888888888889,0.0061403508771929825
sst2,scpn,6000,0.05,42,full,PD_observed,0.8134093567251461,0.2374837429930235,3,71,109,229,5591,180,0.39444444444444443,0.23666666666666666,0.29583333333333334,0.01912280701754386
sst2,scpn,6000,0.05,42,full,PD_observed,0.8134093567251461,0.2374837429930235,5,104,196,196,5504,300,0.3466666666666667,0.3466666666666667,0.3466666666666667,0.0343859649122807
sst2,scpn,6000,0.05,42,full,PD_observed,0.8134093567251461,0.2374837429930235,10,134,466,166,5234,600,0.22333333333333333,0.44666666666666666,0.29777777777777775,0.08175438596491227
sst2,scpn,6000,0.05,42,full,PD_max_abs,0.8134035087719298,0.2374834616240911,1,25,35,275,5665,60,0.4166666666666667,0.08333333333333333,0.1388888888888889,0.0061403508771929825
sst2,scpn,6000,0.05,42,full,PD_max_abs,0.8134035087719298,0.2374834616240911,3,71,109,229,5591,180,0.39444444444444443,0.23666666666666666,0.29583333333333334,0.01912280701754386
sst2,scpn,6000,0.05,42,full,PD_max_abs,0.8134035087719298,0.2374834616240911,5,104,196,196,5504,300,0.3466666666666667,0.3466666666666667,0.3466666666666667,0.0343859649122807
sst2,scpn,6000,0.05,42,full,PD_max_abs,0.8134035087719298,0.2374834616240911,10,134,466,166,5234,600,0.22333333333333333,0.44666666666666666,0.29777777777777775,0.08175438596491227
sst2,scpn,6000,0.05,42,full,PD_positive_oracle,0.8676269005847954,0.2747175186822741,1,26,34,274,5666,60,0.43333333333333335,0.08666666666666667,0.14444444444444443,0.0059649122807017545
sst2,scpn,6000,0.05,42,full,PD_positive_oracle,0.8676269005847954,0.2747175186822741,3,75,105,225,5595,180,0.4166666666666667,0.25,0.3125,0.018421052631578946
sst2,scpn,6000,0.05,42,full,PD_positive_oracle,0.8676269005847954,0.2747175186822741,5,108,192,192,5508,300,0.36,0.36,0.36,0.03368421052631579
sst2,scpn,6000,0.05,42,full,PD_positive_oracle,0.8676269005847954,0.2747175186822741,10,142,458,158,5242,600,0.23666666666666666,0.47333333333333333,0.31555555555555553,0.08035087719298245
sst2,scpn,6000,0.05,42,full,base_label_NLL,0.9179502923976608,0.4560089126192869,1,41,19,259,5681,60,0.6833333333333333,0.13666666666666666,0.22777777777777777,0.0033333333333333335
sst2,scpn,6000,0.05,42,full,base_label_NLL,0.9179502923976608,0.4560089126192869,3,109,71,191,5629,180,0.6055555555555555,0.36333333333333334,0.45416666666666666,0.012456140350877193
sst2,scpn,6000,0.05,42,full,base_label_NLL,0.9179502923976608,0.4560089126192869,5,157,143,143,5557,300,0.5233333333333333,0.5233333333333333,0.5233333333333333,0.025087719298245614
sst2,scpn,6000,0.05,42,full,base_label_NLL,0.9179502923976608,0.4560089126192869,10,213,387,87,5313,600,0.355,0.71,0.47333333333333333,0.06789473684210526
sst2,scpn,6000,0.05,42,full,adapted_label_NLL,0.6584304093567251,0.07304283408351528,1,1,59,299,5641,60,0.016666666666666666,0.0033333333333333335,0.005555555555555556,0.010350877192982456
sst2,scpn,6000,0.05,42,full,adapted_label_NLL,0.6584304093567251,0.07304283408351528,3,9,171,291,5529,180,0.05,0.03,0.0375,0.03
sst2,scpn,6000,0.05,42,full,adapted_label_NLL,0.6584304093567251,0.07304283408351528,5,17,283,283,5417,300,0.056666666666666664,0.056666666666666664,0.056666666666666664,0.04964912280701755
sst2,scpn,6000,0.05,42,full,adapted_label_NLL,0.6584304093567251,0.07304283408351528,10,47,553,253,5147,600,0.07833333333333334,0.15666666666666668,0.10444444444444445,0.09701754385964913
sst2,scpn,6000,0.05,42,full,ZScore_token,0.5271505847953216,0.08170544437605186,1,0,60,300,5640,60,0.0,0.0,0.0,0.010526315789473684
sst2,scpn,6000,0.05,42,full,ZScore_token,0.5271505847953216,0.08170544437605186,3,0,180,300,5520,180,0.0,0.0,0.0,0.031578947368421054
sst2,scpn,6000,0.05,42,full,ZScore_token,0.5271505847953216,0.08170544437605186,5,0,300,300,5400,300,0.0,0.0,0.0,0.05263157894736842
sst2,scpn,6000,0.05,42,full,ZScore_token,0.5271505847953216,0.08170544437605186,10,45,555,255,5145,600,0.075,0.15,0.1,0.09736842105263158
sst2,scpn,6000,0.05,42,full,ZScore_released_unigram,0.5410198830409356,0.07965862215532979,1,0,60,300,5640,60,0.0,0.0,0.0,0.010526315789473684
sst2,scpn,6000,0.05,42,full,ZScore_released_unigram,0.5410198830409356,0.07965862215532979,3,0,180,300,5520,180,0.0,0.0,0.0,0.031578947368421054
sst2,scpn,6000,0.05,42,full,ZScore_released_unigram,0.5410198830409356,0.07965862215532979,5,0,300,300,5400,300,0.0,0.0,0.0,0.05263157894736842
sst2,scpn,6000,0.05,42,full,ZScore_released_unigram,0.5410198830409356,0.07965862215532979,10,0,600,300,5100,600,0.0,0.0,0.0,0.10526315789473684
sst2,scpn,6000,0.05,42,lora,PD_KL,0.8712520467836256,0.4336022625556529,1,48,12,252,5688,60,0.8,0.16,0.26666666666666666,0.002105263157894737
sst2,scpn,6000,0.05,42,lora,PD_KL,0.8712520467836256,0.4336022625556529,3,104,76,196,5624,180,0.5777777777777777,0.3466666666666667,0.43333333333333335,0.013333333333333334
sst2,scpn,6000,0.05,42,lora,PD_KL,0.8712520467836256,0.4336022625556529,5,125,175,175,5525,300,0.4166666666666667,0.4166666666666667,0.4166666666666667,0.03070175438596491
sst2,scpn,6000,0.05,42,lora,PD_KL,0.8712520467836256,0.4336022625556529,10,178,422,122,5278,600,0.2966666666666667,0.5933333333333334,0.39555555555555555,0.07403508771929825
sst2,scpn,6000,0.05,42,lora,PD_label_KL,0.8707081871345029,0.4337950694061083,1,48,12,252,5688,60,0.8,0.16,0.26666666666666666,0.002105263157894737
sst2,scpn,6000,0.05,42,lora,PD_label_KL,0.8707081871345029,0.4337950694061083,3,104,76,196,5624,180,0.5777777777777777,0.3466666666666667,0.43333333333333335,0.013333333333333334
sst2,scpn,6000,0.05,42,lora,PD_label_KL,0.8707081871345029,0.4337950694061083,5,125,175,175,5525,300,0.4166666666666667,0.4166666666666667,0.4166666666666667,0.03070175438596491
sst2,scpn,6000,0.05,42,lora,PD_label_KL,0.8707081871345029,0.4337950694061083,10,177,423,123,5277,600,0.295,0.59,0.3933333333333333,0.07421052631578948
sst2,scpn,6000,0.05,42,lora,PD_observed,0.7454362573099415,0.19252899852370314,1,26,34,274,5666,60,0.43333333333333335,0.08666666666666667,0.14444444444444443,0.0059649122807017545
sst2,scpn,6000,0.05,42,lora,PD_observed,0.7454362573099415,0.19252899852370314,3,56,124,244,5576,180,0.3111111111111111,0.18666666666666668,0.23333333333333334,0.02175438596491228
sst2,scpn,6000,0.05,42,lora,PD_observed,0.7454362573099415,0.19252899852370314,5,80,220,220,5480,300,0.26666666666666666,0.26666666666666666,0.26666666666666666,0.03859649122807018
sst2,scpn,6000,0.05,42,lora,PD_observed,0.7454362573099415,0.19252899852370314,10,107,493,193,5207,600,0.17833333333333334,0.3566666666666667,0.23777777777777778,0.08649122807017544
sst2,scpn,6000,0.05,42,lora,PD_max_abs,0.7301087719298245,0.18351303089092041,1,24,36,276,5664,60,0.4,0.08,0.13333333333333333,0.00631578947368421
sst2,scpn,6000,0.05,42,lora,PD_max_abs,0.7301087719298245,0.18351303089092041,3,54,126,246,5574,180,0.3,0.18,0.225,0.022105263157894735
sst2,scpn,6000,0.05,42,lora,PD_max_abs,0.7301087719298245,0.18351303089092041,5,79,221,221,5479,300,0.2633333333333333,0.2633333333333333,0.2633333333333333,0.0387719298245614
sst2,scpn,6000,0.05,42,lora,PD_max_abs,0.7301087719298245,0.18351303089092041,10,104,496,196,5204,600,0.17333333333333334,0.3466666666666667,0.2311111111111111,0.08701754385964912
sst2,scpn,6000,0.05,42,lora,PD_positive_oracle,0.7791982456140351,0.19654730994272948,1,25,35,275,5665,60,0.4166666666666667,0.08333333333333333,0.1388888888888889,0.0061403508771929825
sst2,scpn,6000,0.05,42,lora,PD_positive_oracle,0.7791982456140351,0.19654730994272948,3,57,123,243,5577,180,0.31666666666666665,0.19,0.2375,0.02157894736842105
sst2,scpn,6000,0.05,42,lora,PD_positive_oracle,0.7791982456140351,0.19654730994272948,5,81,219,219,5481,300,0.27,0.27,0.27,0.038421052631578946
sst2,scpn,6000,0.05,42,lora,PD_positive_oracle,0.7791982456140351,0.19654730994272948,10,108,492,192,5208,600,0.18,0.36,0.24,0.0863157894736842
sst2,scpn,6000,0.05,42,lora,base_label_NLL,0.9179502923976608,0.4560089126192869,1,41,19,259,5681,60,0.6833333333333333,0.13666666666666666,0.22777777777777777,0.0033333333333333335
sst2,scpn,6000,0.05,42,lora,base_label_NLL,0.9179502923976608,0.4560089126192869,3,109,71,191,5629,180,0.6055555555555555,0.36333333333333334,0.45416666666666666,0.012456140350877193
sst2,scpn,6000,0.05,42,lora,base_label_NLL,0.9179502923976608,0.4560089126192869,5,157,143,143,5557,300,0.5233333333333333,0.5233333333333333,0.5233333333333333,0.025087719298245614
sst2,scpn,6000,0.05,42,lora,base_label_NLL,0.9179502923976608,0.4560089126192869,10,213,387,87,5313,600,0.355,0.71,0.47333333333333333,0.06789473684210526
sst2,scpn,6000,0.05,42,lora,adapted_label_NLL,0.8238356725146199,0.14390745087474807,1,8,52,292,5648,60,0.13333333333333333,0.02666666666666667,0.044444444444444446,0.009122807017543859
sst2,scpn,6000,0.05,42,lora,adapted_label_NLL,0.8238356725146199,0.14390745087474807,3,24,156,276,5544,180,0.13333333333333333,0.08,0.1,0.02736842105263158
sst2,scpn,6000,0.05,42,lora,adapted_label_NLL,0.8238356725146199,0.14390745087474807,5,44,256,256,5444,300,0.14666666666666667,0.14666666666666667,0.14666666666666667,0.04491228070175438
sst2,scpn,6000,0.05,42,lora,adapted_label_NLL,0.8238356725146199,0.14390745087474807,10,94,506,206,5194,600,0.15666666666666668,0.31333333333333335,0.2088888888888889,0.0887719298245614
sst2,scpn,6000,0.05,42,lora,ZScore_token,0.5271505847953216,0.08170544437605186,1,0,60,300,5640,60,0.0,0.0,0.0,0.010526315789473684
sst2,scpn,6000,0.05,42,lora,ZScore_token,0.5271505847953216,0.08170544437605186,3,0,180,300,5520,180,0.0,0.0,0.0,0.031578947368421054
sst2,scpn,6000,0.05,42,lora,ZScore_token,0.5271505847953216,0.08170544437605186,5,0,300,300,5400,300,0.0,0.0,0.0,0.05263157894736842
sst2,scpn,6000,0.05,42,lora,ZScore_token,0.5271505847953216,0.08170544437605186,10,45,555,255,5145,600,0.075,0.15,0.1,0.09736842105263158
sst2,scpn,6000,0.05,42,lora,ZScore_released_unigram,0.5410198830409356,0.07965862215532979,1,0,60,300,5640,60,0.0,0.0,0.0,0.010526315789473684
sst2,scpn,6000,0.05,42,lora,ZScore_released_unigram,0.5410198830409356,0.07965862215532979,3,0,180,300,5520,180,0.0,0.0,0.0,0.031578947368421054
sst2,scpn,6000,0.05,42,lora,ZScore_released_unigram,0.5410198830409356,0.07965862215532979,5,0,300,300,5400,300,0.0,0.0,0.0,0.05263157894736842
sst2,scpn,6000,0.05,42,lora,ZScore_released_unigram,0.5410198830409356,0.07965862215532979,10,0,600,300,5100,600,0.0,0.0,0.0,0.10526315789473684
sst2,scpn,6000,0.05,43,full,PD_KL,0.9180502923976608,0.4582871011736732,1,42,18,258,5682,60,0.7,0.14,0.23333333333333334,0.003157894736842105
sst2,scpn,6000,0.05,43,full,PD_KL,0.9180502923976608,0.4582871011736732,3,109,71,191,5629,180,0.6055555555555555,0.36333333333333334,0.45416666666666666,0.012456140350877193
sst2,scpn,6000,0.05,43,full,PD_KL,0.9180502923976608,0.4582871011736732,5,152,148,148,5552,300,0.5066666666666667,0.5066666666666667,0.5066666666666667,0.025964912280701753
sst2,scpn,6000,0.05,43,full,PD_KL,0.9180502923976608,0.4582871011736732,10,208,392,92,5308,600,0.3466666666666667,0.6933333333333334,0.4622222222222222,0.0687719298245614
sst2,scpn,6000,0.05,43,full,PD_label_KL,0.917906432748538,0.45838785019833816,1,42,18,258,5682,60,0.7,0.14,0.23333333333333334,0.003157894736842105
sst2,scpn,6000,0.05,43,full,PD_label_KL,0.917906432748538,0.45838785019833816,3,109,71,191,5629,180,0.6055555555555555,0.36333333333333334,0.45416666666666666,0.012456140350877193
sst2,scpn,6000,0.05,43,full,PD_label_KL,0.917906432748538,0.45838785019833816,5,152,148,148,5552,300,0.5066666666666667,0.5066666666666667,0.5066666666666667,0.025964912280701753
sst2,scpn,6000,0.05,43,full,PD_label_KL,0.917906432748538,0.45838785019833816,10,208,392,92,5308,600,0.3466666666666667,0.6933333333333334,0.4622222222222222,0.0687719298245614
sst2,scpn,6000,0.05,43,full,PD_observed,0.7674058479532163,0.16636339480026233,1,14,46,286,5654,60,0.23333333333333334,0.04666666666666667,0.07777777777777778,0.008070175438596491
sst2,scpn,6000,0.05,43,full,PD_observed,0.7674058479532163,0.16636339480026233,3,45,135,255,5565,180,0.25,0.15,0.1875,0.02368421052631579
sst2,scpn,6000,0.05,43,full,PD_observed,0.7674058479532163,0.16636339480026233,5,73,227,227,5473,300,0.24333333333333335,0.24333333333333335,0.24333333333333335,0.03982456140350877
sst2,scpn,6000,0.05,43,full,PD_observed,0.7674058479532163,0.16636339480026233,10,118,482,182,5218,600,0.19666666666666666,0.3933333333333333,0.26222222222222225,0.08456140350877193
sst2,scpn,6000,0.05,43,full,PD_max_abs,0.7674023391812866,0.16636321366516985,1,14,46,286,5654,60,0.23333333333333334,0.04666666666666667,0.07777777777777778,0.008070175438596491
sst2,scpn,6000,0.05,43,full,PD_max_abs,0.7674023391812866,0.16636321366516985,3,45,135,255,5565,180,0.25,0.15,0.1875,0.02368421052631579
sst2,scpn,6000,0.05,43,full,PD_max_abs,0.7674023391812866,0.16636321366516985,5,73,227,227,5473,300,0.24333333333333335,0.24333333333333335,0.24333333333333335,0.03982456140350877
sst2,scpn,6000,0.05,43,full,PD_max_abs,0.7674023391812866,0.16636321366516985,10,118,482,182,5218,600,0.19666666666666666,0.3933333333333333,0.26222222222222225,0.08456140350877193
sst2,scpn,6000,0.05,43,full,PD_positive_oracle,0.8356497076023393,0.19683087901021673,1,15,45,285,5655,60,0.25,0.05,0.08333333333333333,0.007894736842105263
sst2,scpn,6000,0.05,43,full,PD_positive_oracle,0.8356497076023393,0.19683087901021673,3,51,129,249,5571,180,0.2833333333333333,0.17,0.2125,0.022631578947368423
sst2,scpn,6000,0.05,43,full,PD_positive_oracle,0.8356497076023393,0.19683087901021673,5,80,220,220,5480,300,0.26666666666666666,0.26666666666666666,0.26666666666666666,0.03859649122807018
sst2,scpn,6000,0.05,43,full,PD_positive_oracle,0.8356497076023393,0.19683087901021673,10,131,469,169,5231,600,0.21833333333333332,0.43666666666666665,0.2911111111111111,0.08228070175438597
sst2,scpn,6000,0.05,43,full,base_label_NLL,0.9172210526315789,0.4471551837235182,1,40,20,260,5680,60,0.6666666666666666,0.13333333333333333,0.2222222222222222,0.0035087719298245615
sst2,scpn,6000,0.05,43,full,base_label_NLL,0.9172210526315789,0.4471551837235182,3,109,71,191,5629,180,0.6055555555555555,0.36333333333333334,0.45416666666666666,0.012456140350877193
sst2,scpn,6000,0.05,43,full,base_label_NLL,0.9172210526315789,0.4471551837235182,5,154,146,146,5554,300,0.5133333333333333,0.5133333333333333,0.5133333333333333,0.025614035087719297
sst2,scpn,6000,0.05,43,full,base_label_NLL,0.9172210526315789,0.4471551837235182,10,207,393,93,5307,600,0.345,0.69,0.46,0.06894736842105263
sst2,scpn,6000,0.05,43,full,adapted_label_NLL,0.6947730994152047,0.0808135646649657,1,3,57,297,5643,60,0.05,0.01,0.016666666666666666,0.01
sst2,scpn,6000,0.05,43,full,adapted_label_NLL,0.6947730994152047,0.0808135646649657,3,10,170,290,5530,180,0.05555555555555555,0.03333333333333333,0.041666666666666664,0.02982456140350877
sst2,scpn,6000,0.05,43,full,adapted_label_NLL,0.6947730994152047,0.0808135646649657,5,22,278,278,5422,300,0.07333333333333333,0.07333333333333333,0.07333333333333333,0.048771929824561404
sst2,scpn,6000,0.05,43,full,adapted_label_NLL,0.6947730994152047,0.0808135646649657,10,48,552,252,5148,600,0.08,0.16,0.10666666666666667,0.0968421052631579
sst2,scpn,6000,0.05,43,full,ZScore_token,0.415009649122807,0.04376487644663386,1,0,60,300,5640,60,0.0,0.0,0.0,0.010526315789473684
sst2,scpn,6000,0.05,43,full,ZScore_token,0.415009649122807,0.04376487644663386,3,0,180,300,5520,180,0.0,0.0,0.0,0.031578947368421054
sst2,scpn,6000,0.05,43,full,ZScore_token,0.415009649122807,0.04376487644663386,5,0,300,300,5400,300,0.0,0.0,0.0,0.05263157894736842
sst2,scpn,6000,0.05,43,full,ZScore_token,0.415009649122807,0.04376487644663386,10,0,600,300,5100,600,0.0,0.0,0.0,0.10526315789473684
sst2,scpn,6000,0.05,43,full,ZScore_released_unigram,0.5412807017543859,0.07970060146559983,1,0,60,300,5640,60,0.0,0.0,0.0,0.010526315789473684
sst2,scpn,6000,0.05,43,full,ZScore_released_unigram,0.5412807017543859,0.07970060146559983,3,0,180,300,5520,180,0.0,0.0,0.0,0.031578947368421054
sst2,scpn,6000,0.05,43,full,ZScore_released_unigram,0.5412807017543859,0.07970060146559983,5,0,300,300,5400,300,0.0,0.0,0.0,0.05263157894736842
sst2,scpn,6000,0.05,43,full,ZScore_released_unigram,0.5412807017543859,0.07970060146559983,10,0,600,300,5100,600,0.0,0.0,0.0,0.10526315789473684
sst2,scpn,6000,0.05,43,lora,PD_KL,0.8725824561403509,0.4372319333843319,1,47,13,253,5687,60,0.7833333333333333,0.15666666666666668,0.2611111111111111,0.0022807017543859647
sst2,scpn,6000,0.05,43,lora,PD_KL,0.8725824561403509,0.4372319333843319,3,102,78,198,5622,180,0.5666666666666667,0.34,0.425,0.01368421052631579
sst2,scpn,6000,0.05,43,lora,PD_KL,0.8725824561403509,0.4372319333843319,5,133,167,167,5533,300,0.44333333333333336,0.44333333333333336,0.44333333333333336,0.029298245614035087
sst2,scpn,6000,0.05,43,lora,PD_KL,0.8725824561403509,0.4372319333843319,10,172,428,128,5272,600,0.2866666666666667,0.5733333333333334,0.38222222222222224,0.07508771929824562
sst2,scpn,6000,0.05,43,lora,PD_label_KL,0.872238596491228,0.4373635993368992,1,47,13,253,5687,60,0.7833333333333333,0.15666666666666668,0.2611111111111111,0.0022807017543859647
sst2,scpn,6000,0.05,43,lora,PD_label_KL,0.872238596491228,0.4373635993368992,3,102,78,198,5622,180,0.5666666666666667,0.34,0.425,0.01368421052631579
sst2,scpn,6000,0.05,43,lora,PD_label_KL,0.872238596491228,0.4373635993368992,5,133,167,167,5533,300,0.44333333333333336,0.44333333333333336,0.44333333333333336,0.029298245614035087
sst2,scpn,6000,0.05,43,lora,PD_label_KL,0.872238596491228,0.4373635993368992,10,173,427,127,5273,600,0.28833333333333333,0.5766666666666667,0.3844444444444444,0.07491228070175439
sst2,scpn,6000,0.05,43,lora,PD_observed,0.7369479532163743,0.199422924523112,1,31,29,269,5671,60,0.5166666666666667,0.10333333333333333,0.17222222222222222,0.005087719298245614
sst2,scpn,6000,0.05,43,lora,PD_observed,0.7369479532163743,0.199422924523112,3,54,126,246,5574,180,0.3,0.18,0.225,0.022105263157894735
sst2,scpn,6000,0.05,43,lora,PD_observed,0.7369479532163743,0.199422924523112,5,77,223,223,5477,300,0.25666666666666665,0.25666666666666665,0.25666666666666665,0.03912280701754386
sst2,scpn,6000,0.05,43,lora,PD_observed,0.7369479532163743,0.199422924523112,10,104,496,196,5204,600,0.17333333333333334,0.3466666666666667,0.2311111111111111,0.08701754385964912
sst2,scpn,6000,0.05,43,lora,PD_max_abs,0.7192479532163744,0.19090596161554352,1,29,31,271,5669,60,0.48333333333333334,0.09666666666666666,0.16111111111111112,0.00543859649122807
sst2,scpn,6000,0.05,43,lora,PD_max_abs,0.7192479532163744,0.19090596161554352,3,52,128,248,5572,180,0.28888888888888886,0.17333333333333334,0.21666666666666667,0.02245614035087719
sst2,scpn,6000,0.05,43,lora,PD_max_abs,0.7192479532163744,0.19090596161554352,5,74,226,226,5474,300,0.24666666666666667,0.24666666666666667,0.24666666666666667,0.039649122807017545
sst2,scpn,6000,0.05,43,lora,PD_max_abs,0.7192479532163744,0.19090596161554352,10,101,499,199,5201,600,0.16833333333333333,0.33666666666666667,0.22444444444444445,0.08754385964912281
sst2,scpn,6000,0.05,43,lora,PD_positive_oracle,0.7774421052631579,0.2060036750693049,1,29,31,271,5669,60,0.48333333333333334,0.09666666666666666,0.16111111111111112,0.00543859649122807
sst2,scpn,6000,0.05,43,lora,PD_positive_oracle,0.7774421052631579,0.2060036750693049,3,54,126,246,5574,180,0.3,0.18,0.225,0.022105263157894735
sst2,scpn,6000,0.05,43,lora,PD_positive_oracle,0.7774421052631579,0.2060036750693049,5,78,222,222,5478,300,0.26,0.26,0.26,0.03894736842105263
sst2,scpn,6000,0.05,43,lora,PD_positive_oracle,0.7774421052631579,0.2060036750693049,10,106,494,194,5206,600,0.17666666666666667,0.35333333333333333,0.23555555555555555,0.08666666666666667
sst2,scpn,6000,0.05,43,lora,base_label_NLL,0.9172210526315789,0.4471551837235182,1,40,20,260,5680,60,0.6666666666666666,0.13333333333333333,0.2222222222222222,0.0035087719298245615
sst2,scpn,6000,0.05,43,lora,base_label_NLL,0.9172210526315789,0.4471551837235182,3,109,71,191,5629,180,0.6055555555555555,0.36333333333333334,0.45416666666666666,0.012456140350877193
sst2,scpn,6000,0.05,43,lora,base_label_NLL,0.9172210526315789,0.4471551837235182,5,154,146,146,5554,300,0.5133333333333333,0.5133333333333333,0.5133333333333333,0.025614035087719297
sst2,scpn,6000,0.05,43,lora,base_label_NLL,0.9172210526315789,0.4471551837235182,10,207,393,93,5307,600,0.345,0.69,0.46,0.06894736842105263
sst2,scpn,6000,0.05,43,lora,adapted_label_NLL,0.8241865497076023,0.14260668341952407,1,7,53,293,5647,60,0.11666666666666667,0.023333333333333334,0.03888888888888889,0.009298245614035089
sst2,scpn,6000,0.05,43,lora,adapted_label_NLL,0.8241865497076023,0.14260668341952407,3,25,155,275,5545,180,0.1388888888888889,0.08333333333333333,0.10416666666666667,0.027192982456140352
sst2,scpn,6000,0.05,43,lora,adapted_label_NLL,0.8241865497076023,0.14260668341952407,5,50,250,250,5450,300,0.16666666666666666,0.16666666666666666,0.16666666666666666,0.043859649122807015
sst2,scpn,6000,0.05,43,lora,adapted_label_NLL,0.8241865497076023,0.14260668341952407,10,93,507,207,5193,600,0.155,0.31,0.20666666666666667,0.08894736842105264
sst2,scpn,6000,0.05,43,lora,ZScore_token,0.415009649122807,0.04376487644663386,1,0,60,300,5640,60,0.0,0.0,0.0,0.010526315789473684
sst2,scpn,6000,0.05,43,lora,ZScore_token,0.415009649122807,0.04376487644663386,3,0,180,300,5520,180,0.0,0.0,0.0,0.031578947368421054
sst2,scpn,6000,0.05,43,lora,ZScore_token,0.415009649122807,0.04376487644663386,5,0,300,300,5400,300,0.0,0.0,0.0,0.05263157894736842
sst2,scpn,6000,0.05,43,lora,ZScore_token,0.415009649122807,0.04376487644663386,10,0,600,300,5100,600,0.0,0.0,0.0,0.10526315789473684
sst2,scpn,6000,0.05,43,lora,ZScore_released_unigram,0.5412807017543859,0.07970060146559983,1,0,60,300,5640,60,0.0,0.0,0.0,0.010526315789473684
sst2,scpn,6000,0.05,43,lora,ZScore_released_unigram,0.5412807017543859,0.07970060146559983,3,0,180,300,5520,180,0.0,0.0,0.0,0.031578947368421054
sst2,scpn,6000,0.05,43,lora,ZScore_released_unigram,0.5412807017543859,0.07970060146559983,5,0,300,300,5400,300,0.0,0.0,0.0,0.05263157894736842
sst2,scpn,6000,0.05,43,lora,ZScore_released_unigram,0.5412807017543859,0.07970060146559983,10,0,600,300,5100,600,0.0,0.0,0.0,0.10526315789473684
sst2,scpn,6000,0.05,44,full,PD_KL,0.9282520467836257,0.487593455519305,1,43,17,257,5683,60,0.7166666666666667,0.14333333333333334,0.2388888888888889,0.0029824561403508773
sst2,scpn,6000,0.05,44,full,PD_KL,0.9282520467836257,0.487593455519305,3,114,66,186,5634,180,0.6333333333333333,0.38,0.475,0.011578947368421053
sst2,scpn,6000,0.05,44,full,PD_KL,0.9282520467836257,0.487593455519305,5,156,144,144,5556,300,0.52,0.52,0.52,0.02526315789473684
sst2,scpn,6000,0.05,44,full,PD_KL,0.9282520467836257,0.487593455519305,10,216,384,84,5316,600,0.36,0.72,0.48,0.06736842105263158
sst2,scpn,6000,0.05,44,full,PD_label_KL,0.9281725146198831,0.4875775640819658,1,43,17,257,5683,60,0.7166666666666667,0.14333333333333334,0.2388888888888889,0.0029824561403508773
sst2,scpn,6000,0.05,44,full,PD_label_KL,0.9281725146198831,0.4875775640819658,3,114,66,186,5634,180,0.6333333333333333,0.38,0.475,0.011578947368421053
sst2,scpn,6000,0.05,44,full,PD_label_KL,0.9281725146198831,0.4875775640819658,5,156,144,144,5556,300,0.52,0.52,0.52,0.02526315789473684
sst2,scpn,6000,0.05,44,full,PD_label_KL,0.9281725146198831,0.4875775640819658,10,216,384,84,5316,600,0.36,0.72,0.48,0.06736842105263158
sst2,scpn,6000,0.05,44,full,PD_observed,0.7719637426900586,0.1497640196360437,1,11,49,289,5651,60,0.18333333333333332,0.03666666666666667,0.06111111111111111,0.008596491228070175
sst2,scpn,6000,0.05,44,full,PD_observed,0.7719637426900586,0.1497640196360437,3,39,141,261,5559,180,0.21666666666666667,0.13,0.1625,0.024736842105263158
sst2,scpn,6000,0.05,44,full,PD_observed,0.7719637426900586,0.1497640196360437,5,65,235,235,5465,300,0.21666666666666667,0.21666666666666667,0.21666666666666667,0.0412280701754386
sst2,scpn,6000,0.05,44,full,PD_observed,0.7719637426900586,0.1497640196360437,10,105,495,195,5205,600,0.175,0.35,0.23333333333333334,0.0868421052631579
sst2,scpn,6000,0.05,44,full,PD_max_abs,0.7719637426900586,0.1497640196360437,1,11,49,289,5651,60,0.18333333333333332,0.03666666666666667,0.06111111111111111,0.008596491228070175
sst2,scpn,6000,0.05,44,full,PD_max_abs,0.7719637426900586,0.1497640196360437,3,39,141,261,5559,180,0.21666666666666667,0.13,0.1625,0.024736842105263158
sst2,scpn,6000,0.05,44,full,PD_max_abs,0.7719637426900586,0.1497640196360437,5,65,235,235,5465,300,0.21666666666666667,0.21666666666666667,0.21666666666666667,0.0412280701754386
sst2,scpn,6000,0.05,44,full,PD_max_abs,0.7719637426900586,0.1497640196360437,10,105,495,195,5205,600,0.175,0.35,0.23333333333333334,0.0868421052631579
sst2,scpn,6000,0.05,44,full,PD_positive_oracle,0.8214865497076023,0.16703054618086052,1,12,48,288,5652,60,0.2,0.04,0.06666666666666667,0.008421052631578947
sst2,scpn,6000,0.05,44,full,PD_positive_oracle,0.8214865497076023,0.16703054618086052,3,44,136,256,5564,180,0.24444444444444444,0.14666666666666667,0.18333333333333332,0.023859649122807018
sst2,scpn,6000,0.05,44,full,PD_positive_oracle,0.8214865497076023,0.16703054618086052,5,68,232,232,5468,300,0.22666666666666666,0.22666666666666666,0.22666666666666666,0.04070175438596491
sst2,scpn,6000,0.05,44,full,PD_positive_oracle,0.8214865497076023,0.16703054618086052,10,113,487,187,5213,600,0.18833333333333332,0.37666666666666665,0.2511111111111111,0.08543859649122806
sst2,scpn,6000,0.05,44,full,base_label_NLL,0.9264538011695906,0.47093632921315404,1,40,20,260,5680,60,0.6666666666666666,0.13333333333333333,0.2222222222222222,0.0035087719298245615
sst2,scpn,6000,0.05,44,full,base_label_NLL,0.9264538011695906,0.47093632921315404,3,113,67,187,5633,180,0.6277777777777778,0.37666666666666665,0.4708333333333333,0.011754385964912281
sst2,scpn,6000,0.05,44,full,base_label_NLL,0.9264538011695906,0.47093632921315404,5,155,145,145,5555,300,0.5166666666666667,0.5166666666666667,0.5166666666666667,0.02543859649122807
sst2,scpn,6000,0.05,44,full,base_label_NLL,0.9264538011695906,0.47093632921315404,10,214,386,86,5314,600,0.3566666666666667,0.7133333333333334,0.47555555555555556,0.06771929824561404
sst2,scpn,6000,0.05,44,full,adapted_label_NLL,0.7057842105263157,0.08203778482144532,1,1,59,299,5641,60,0.016666666666666666,0.0033333333333333335,0.005555555555555556,0.010350877192982456
sst2,scpn,6000,0.05,44,full,adapted_label_NLL,0.7057842105263157,0.08203778482144532,3,11,169,289,5531,180,0.06111111111111111,0.03666666666666667,0.04583333333333333,0.029649122807017543
sst2,scpn,6000,0.05,44,full,adapted_label_NLL,0.7057842105263157,0.08203778482144532,5,20,280,280,5420,300,0.06666666666666667,0.06666666666666667,0.06666666666666667,0.04912280701754386
sst2,scpn,6000,0.05,44,full,adapted_label_NLL,0.7057842105263157,0.08203778482144532,10,50,550,250,5150,600,0.08333333333333333,0.16666666666666666,0.1111111111111111,0.09649122807017543
sst2,scpn,6000,0.05,44,full,ZScore_token,0.4769391812865498,0.060684178384812715,1,0,60,300,5640,60,0.0,0.0,0.0,0.010526315789473684
sst2,scpn,6000,0.05,44,full,ZScore_token,0.4769391812865498,0.060684178384812715,3,0,180,300,5520,180,0.0,0.0,0.0,0.031578947368421054
sst2,scpn,6000,0.05,44,full,ZScore_token,0.4769391812865498,0.060684178384812715,5,0,300,300,5400,300,0.0,0.0,0.0,0.05263157894736842
sst2,scpn,6000,0.05,44,full,ZScore_token,0.4769391812865498,0.060684178384812715,10,0,600,300,5100,600,0.0,0.0,0.0,0.10526315789473684
sst2,scpn,6000,0.05,44,full,ZScore_released_unigram,0.5408771929824562,0.07985094490284801,1,0,60,300,5640,60,0.0,0.0,0.0,0.010526315789473684
sst2,scpn,6000,0.05,44,full,ZScore_released_unigram,0.5408771929824562,0.07985094490284801,3,0,180,300,5520,180,0.0,0.0,0.0,0.031578947368421054
sst2,scpn,6000,0.05,44,full,ZScore_released_unigram,0.5408771929824562,0.07985094490284801,5,0,300,300,5400,300,0.0,0.0,0.0,0.05263157894736842
sst2,scpn,6000,0.05,44,full,ZScore_released_unigram,0.5408771929824562,0.07985094490284801,10,0,600,300,5100,600,0.0,0.0,0.0,0.10526315789473684
sst2,scpn,6000,0.05,44,lora,PD_KL,0.8849426900584796,0.4994741270669146,1,52,8,248,5692,60,0.8666666666666667,0.17333333333333334,0.28888888888888886,0.0014035087719298245
sst2,scpn,6000,0.05,44,lora,PD_KL,0.8849426900584796,0.4994741270669146,3,119,61,181,5639,180,0.6611111111111111,0.39666666666666667,0.49583333333333335,0.010701754385964912
sst2,scpn,6000,0.05,44,lora,PD_KL,0.8849426900584796,0.4994741270669146,5,146,154,154,5546,300,0.4866666666666667,0.4866666666666667,0.4866666666666667,0.027017543859649124
sst2,scpn,6000,0.05,44,lora,PD_KL,0.8849426900584796,0.4994741270669146,10,188,412,112,5288,600,0.31333333333333335,0.6266666666666667,0.4177777777777778,0.07228070175438596
sst2,scpn,6000,0.05,44,lora,PD_label_KL,0.8837105263157896,0.49945637645035634,1,52,8,248,5692,60,0.8666666666666667,0.17333333333333334,0.28888888888888886,0.0014035087719298245
sst2,scpn,6000,0.05,44,lora,PD_label_KL,0.8837105263157896,0.49945637645035634,3,119,61,181,5639,180,0.6611111111111111,0.39666666666666667,0.49583333333333335,0.010701754385964912
sst2,scpn,6000,0.05,44,lora,PD_label_KL,0.8837105263157896,0.49945637645035634,5,146,154,154,5546,300,0.4866666666666667,0.4866666666666667,0.4866666666666667,0.027017543859649124
sst2,scpn,6000,0.05,44,lora,PD_label_KL,0.8837105263157896,0.49945637645035634,10,188,412,112,5288,600,0.31333333333333335,0.6266666666666667,0.4177777777777778,0.07228070175438596
sst2,scpn,6000,0.05,44,lora,PD_observed,0.783848538011696,0.2909845437607319,1,35,25,265,5675,60,0.5833333333333334,0.11666666666666667,0.19444444444444445,0.0043859649122807015
sst2,scpn,6000,0.05,44,lora,PD_observed,0.783848538011696,0.2909845437607319,3,77,103,223,5597,180,0.42777777777777776,0.25666666666666665,0.32083333333333336,0.01807017543859649
sst2,scpn,6000,0.05,44,lora,PD_observed,0.783848538011696,0.2909845437607319,5,103,197,197,5503,300,0.3433333333333333,0.3433333333333333,0.3433333333333333,0.03456140350877193
sst2,scpn,6000,0.05,44,lora,PD_observed,0.783848538011696,0.2909845437607319,10,138,462,162,5238,600,0.23,0.46,0.30666666666666664,0.08105263157894736
sst2,scpn,6000,0.05,44,lora,PD_max_abs,0.7642754385964912,0.2748515121393029,1,33,27,267,5673,60,0.55,0.11,0.18333333333333332,0.004736842105263158
sst2,scpn,6000,0.05,44,lora,PD_max_abs,0.7642754385964912,0.2748515121393029,3,73,107,227,5593,180,0.40555555555555556,0.24333333333333335,0.30416666666666664,0.018771929824561405
sst2,scpn,6000,0.05,44,lora,PD_max_abs,0.7642754385964912,0.2748515121393029,5,101,199,199,5501,300,0.33666666666666667,0.33666666666666667,0.33666666666666667,0.03491228070175439
sst2,scpn,6000,0.05,44,lora,PD_max_abs,0.7642754385964912,0.2748515121393029,10,134,466,166,5234,600,0.22333333333333333,0.44666666666666666,0.29777777777777775,0.08175438596491227
sst2,scpn,6000,0.05,44,lora,PD_positive_oracle,0.810827485380117,0.2910394181258648,1,35,25,265,5675,60,0.5833333333333334,0.11666666666666667,0.19444444444444445,0.0043859649122807015
sst2,scpn,6000,0.05,44,lora,PD_positive_oracle,0.810827485380117,0.2910394181258648,3,76,104,224,5596,180,0.4222222222222222,0.25333333333333335,0.31666666666666665,0.018245614035087718
sst2,scpn,6000,0.05,44,lora,PD_positive_oracle,0.810827485380117,0.2910394181258648,5,104,196,196,5504,300,0.3466666666666667,0.3466666666666667,0.3466666666666667,0.0343859649122807
sst2,scpn,6000,0.05,44,lora,PD_positive_oracle,0.810827485380117,0.2910394181258648,10,139,461,161,5239,600,0.23166666666666666,0.4633333333333333,0.3088888888888889,0.08087719298245614
sst2,scpn,6000,0.05,44,lora,base_label_NLL,0.9264538011695906,0.47093632921315404,1,40,20,260,5680,60,0.6666666666666666,0.13333333333333333,0.2222222222222222,0.0035087719298245615
sst2,scpn,6000,0.05,44,lora,base_label_NLL,0.9264538011695906,0.47093632921315404,3,113,67,187,5633,180,0.6277777777777778,0.37666666666666665,0.4708333333333333,0.011754385964912281
sst2,scpn,6000,0.05,44,lora,base_label_NLL,0.9264538011695906,0.47093632921315404,5,155,145,145,5555,300,0.5166666666666667,0.5166666666666667,0.5166666666666667,0.02543859649122807
sst2,scpn,6000,0.05,44,lora,base_label_NLL,0.9264538011695906,0.47093632921315404,10,214,386,86,5314,600,0.3566666666666667,0.7133333333333334,0.47555555555555556,0.06771929824561404
sst2,scpn,6000,0.05,44,lora,adapted_label_NLL,0.813177192982456,0.12557314414510792,1,5,55,295,5645,60,0.08333333333333333,0.016666666666666666,0.027777777777777776,0.009649122807017544
sst2,scpn,6000,0.05,44,lora,adapted_label_NLL,0.813177192982456,0.12557314414510792,3,21,159,279,5541,180,0.11666666666666667,0.07,0.0875,0.027894736842105264
sst2,scpn,6000,0.05,44,lora,adapted_label_NLL,0.813177192982456,0.12557314414510792,5,40,260,260,5440,300,0.13333333333333333,0.13333333333333333,0.13333333333333333,0.0456140350877193
sst2,scpn,6000,0.05,44,lora,adapted_label_NLL,0.813177192982456,0.12557314414510792,10,73,527,227,5173,600,0.12166666666666667,0.24333333333333335,0.1622222222222222,0.0924561403508772
sst2,scpn,6000,0.05,44,lora,ZScore_token,0.4769391812865498,0.060684178384812715,1,0,60,300,5640,60,0.0,0.0,0.0,0.010526315789473684
sst2,scpn,6000,0.05,44,lora,ZScore_token,0.4769391812865498,0.060684178384812715,3,0,180,300,5520,180,0.0,0.0,0.0,0.031578947368421054
sst2,scpn,6000,0.05,44,lora,ZScore_token,0.4769391812865498,0.060684178384812715,5,0,300,300,5400,300,0.0,0.0,0.0,0.05263157894736842
sst2,scpn,6000,0.05,44,lora,ZScore_token,0.4769391812865498,0.060684178384812715,10,0,600,300,5100,600,0.0,0.0,0.0,0.10526315789473684
sst2,scpn,6000,0.05,44,lora,ZScore_released_unigram,0.5408771929824562,0.07985094490284801,1,0,60,300,5640,60,0.0,0.0,0.0,0.010526315789473684
sst2,scpn,6000,0.05,44,lora,ZScore_released_unigram,0.5408771929824562,0.07985094490284801,3,0,180,300,5520,180,0.0,0.0,0.0,0.031578947368421054
sst2,scpn,6000,0.05,44,lora,ZScore_released_unigram,0.5408771929824562,0.07985094490284801,5,0,300,300,5400,300,0.0,0.0,0.0,0.05263157894736842
sst2,scpn,6000,0.05,44,lora,ZScore_released_unigram,0.5408771929824562,0.07985094490284801,10,0,600,300,5100,600,0.0,0.0,0.0,0.10526315789473684
sst2,scpn,6000,0.0,42,full,PD_KL,,,1,0,60,0,5940,60,0.0,,0.0,0.01
sst2,scpn,6000,0.0,42,full,PD_KL,,,3,0,180,0,5820,180,0.0,,0.0,0.03
sst2,scpn,6000,0.0,42,full,PD_KL,,,5,0,300,0,5700,300,0.0,,0.0,0.05
sst2,scpn,6000,0.0,42,full,PD_KL,,,10,0,600,0,5400,600,0.0,,0.0,0.1
sst2,scpn,6000,0.0,42,full,PD_label_KL,,,1,0,60,0,5940,60,0.0,,0.0,0.01
sst2,scpn,6000,0.0,42,full,PD_label_KL,,,3,0,180,0,5820,180,0.0,,0.0,0.03
sst2,scpn,6000,0.0,42,full,PD_label_KL,,,5,0,300,0,5700,300,0.0,,0.0,0.05
sst2,scpn,6000,0.0,42,full,PD_label_KL,,,10,0,600,0,5400,600,0.0,,0.0,0.1
sst2,scpn,6000,0.0,42,full,PD_observed,,,1,0,60,0,5940,60,0.0,,0.0,0.01
sst2,scpn,6000,0.0,42,full,PD_observed,,,3,0,180,0,5820,180,0.0,,0.0,0.03
sst2,scpn,6000,0.0,42,full,PD_observed,,,5,0,300,0,5700,300,0.0,,0.0,0.05
sst2,scpn,6000,0.0,42,full,PD_observed,,,10,0,600,0,5400,600,0.0,,0.0,0.1
sst2,scpn,6000,0.0,42,full,PD_max_abs,,,1,0,60,0,5940,60,0.0,,0.0,0.01
sst2,scpn,6000,0.0,42,full,PD_max_abs,,,3,0,180,0,5820,180,0.0,,0.0,0.03
sst2,scpn,6000,0.0,42,full,PD_max_abs,,,5,0,300,0,5700,300,0.0,,0.0,0.05
sst2,scpn,6000,0.0,42,full,PD_max_abs,,,10,0,600,0,5400,600,0.0,,0.0,0.1
sst2,scpn,6000,0.0,42,full,PD_positive_oracle,,,1,0,60,0,5940,60,0.0,,0.0,0.01
sst2,scpn,6000,0.0,42,full,PD_positive_oracle,,,3,0,180,0,5820,180,0.0,,0.0,0.03
sst2,scpn,6000,0.0,42,full,PD_positive_oracle,,,5,0,300,0,5700,300,0.0,,0.0,0.05
sst2,scpn,6000,0.0,42,full,PD_positive_oracle,,,10,0,600,0,5400,600,0.0,,0.0,0.1
sst2,scpn,6000,0.0,42,full,base_label_NLL,,,1,0,60,0,5940,60,0.0,,0.0,0.01
sst2,scpn,6000,0.0,42,full,base_label_NLL,,,3,0,180,0,5820,180,0.0,,0.0,0.03
sst2,scpn,6000,0.0,42,full,base_label_NLL,,,5,0,300,0,5700,300,0.0,,0.0,0.05
sst2,scpn,6000,0.0,42,full,base_label_NLL,,,10,0,600,0,5400,600,0.0,,0.0,0.1
sst2,scpn,6000,0.0,42,full,adapted_label_NLL,,,1,0,60,0,5940,60,0.0,,0.0,0.01
sst2,scpn,6000,0.0,42,full,adapted_label_NLL,,,3,0,180,0,5820,180,0.0,,0.0,0.03
sst2,scpn,6000,0.0,42,full,adapted_label_NLL,,,5,0,300,0,5700,300,0.0,,0.0,0.05
sst2,scpn,6000,0.0,42,full,adapted_label_NLL,,,10,0,600,0,5400,600,0.0,,0.0,0.1
sst2,scpn,6000,0.0,42,full,ZScore_token,,,1,0,60,0,5940,60,0.0,,0.0,0.01
sst2,scpn,6000,0.0,42,full,ZScore_token,,,3,0,180,0,5820,180,0.0,,0.0,0.03
sst2,scpn,6000,0.0,42,full,ZScore_token,,,5,0,300,0,5700,300,0.0,,0.0,0.05
sst2,scpn,6000,0.0,42,full,ZScore_token,,,10,0,600,0,5400,600,0.0,,0.0,0.1
sst2,scpn,6000,0.0,42,full,ZScore_released_unigram,,,1,0,60,0,5940,60,0.0,,0.0,0.01
sst2,scpn,6000,0.0,42,full,ZScore_released_unigram,,,3,0,180,0,5820,180,0.0,,0.0,0.03
sst2,scpn,6000,0.0,42,full,ZScore_released_unigram,,,5,0,300,0,5700,300,0.0,,0.0,0.05
sst2,scpn,6000,0.0,42,full,ZScore_released_unigram,,,10,0,600,0,5400,600,0.0,,0.0,0.1
sst2,scpn,6000,0.0,42,lora,PD_KL,,,1,0,60,0,5940,60,0.0,,0.0,0.01
sst2,scpn,6000,0.0,42,lora,PD_KL,,,3,0,180,0,5820,180,0.0,,0.0,0.03
sst2,scpn,6000,0.0,42,lora,PD_KL,,,5,0,300,0,5700,300,0.0,,0.0,0.05
sst2,scpn,6000,0.0,42,lora,PD_KL,,,10,0,600,0,5400,600,0.0,,0.0,0.1
sst2,scpn,6000,0.0,42,lora,PD_label_KL,,,1,0,60,0,5940,60,0.0,,0.0,0.01
sst2,scpn,6000,0.0,42,lora,PD_label_KL,,,3,0,180,0,5820,180,0.0,,0.0,0.03
sst2,scpn,6000,0.0,42,lora,PD_label_KL,,,5,0,300,0,5700,300,0.0,,0.0,0.05
sst2,scpn,6000,0.0,42,lora,PD_label_KL,,,10,0,600,0,5400,600,0.0,,0.0,0.1
sst2,scpn,6000,0.0,42,lora,PD_observed,,,1,0,60,0,5940,60,0.0,,0.0,0.01
sst2,scpn,6000,0.0,42,lora,PD_observed,,,3,0,180,0,5820,180,0.0,,0.0,0.03
sst2,scpn,6000,0.0,42,lora,PD_observed,,,5,0,300,0,5700,300,0.0,,0.0,0.05
sst2,scpn,6000,0.0,42,lora,PD_observed,,,10,0,600,0,5400,600,0.0,,0.0,0.1
sst2,scpn,6000,0.0,42,lora,PD_max_abs,,,1,0,60,0,5940,60,0.0,,0.0,0.01
sst2,scpn,6000,0.0,42,lora,PD_max_abs,,,3,0,180,0,5820,180,0.0,,0.0,0.03
sst2,scpn,6000,0.0,42,lora,PD_max_abs,,,5,0,300,0,5700,300,0.0,,0.0,0.05
sst2,scpn,6000,0.0,42,lora,PD_max_abs,,,10,0,600,0,5400,600,0.0,,0.0,0.1
sst2,scpn,6000,0.0,42,lora,PD_positive_oracle,,,1,0,60,0,5940,60,0.0,,0.0,0.01
sst2,scpn,6000,0.0,42,lora,PD_positive_oracle,,,3,0,180,0,5820,180,0.0,,0.0,0.03
sst2,scpn,6000,0.0,42,lora,PD_positive_oracle,,,5,0,300,0,5700,300,0.0,,0.0,0.05
sst2,scpn,6000,0.0,42,lora,PD_positive_oracle,,,10,0,600,0,5400,600,0.0,,0.0,0.1
sst2,scpn,6000,0.0,42,lora,base_label_NLL,,,1,0,60,0,5940,60,0.0,,0.0,0.01
sst2,scpn,6000,0.0,42,lora,base_label_NLL,,,3,0,180,0,5820,180,0.0,,0.0,0.03
sst2,scpn,6000,0.0,42,lora,base_label_NLL,,,5,0,300,0,5700,300,0.0,,0.0,0.05
sst2,scpn,6000,0.0,42,lora,base_label_NLL,,,10,0,600,0,5400,600,0.0,,0.0,0.1
sst2,scpn,6000,0.0,42,lora,adapted_label_NLL,,,1,0,60,0,5940,60,0.0,,0.0,0.01
sst2,scpn,6000,0.0,42,lora,adapted_label_NLL,,,3,0,180,0,5820,180,0.0,,0.0,0.03
sst2,scpn,6000,0.0,42,lora,adapted_label_NLL,,,5,0,300,0,5700,300,0.0,,0.0,0.05
sst2,scpn,6000,0.0,42,lora,adapted_label_NLL,,,10,0,600,0,5400,600,0.0,,0.0,0.1
sst2,scpn,6000,0.0,42,lora,ZScore_token,,,1,0,60,0,5940,60,0.0,,0.0,0.01
sst2,scpn,6000,0.0,42,lora,ZScore_token,,,3,0,180,0,5820,180,0.0,,0.0,0.03
sst2,scpn,6000,0.0,42,lora,ZScore_token,,,5,0,300,0,5700,300,0.0,,0.0,0.05
sst2,scpn,6000,0.0,42,lora,ZScore_token,,,10,0,600,0,5400,600,0.0,,0.0,0.1
sst2,scpn,6000,0.0,42,lora,ZScore_released_unigram,,,1,0,60,0,5940,60,0.0,,0.0,0.01
sst2,scpn,6000,0.0,42,lora,ZScore_released_unigram,,,3,0,180,0,5820,180,0.0,,0.0,0.03
sst2,scpn,6000,0.0,42,lora,ZScore_released_unigram,,,5,0,300,0,5700,300,0.0,,0.0,0.05
sst2,scpn,6000,0.0,42,lora,ZScore_released_unigram,,,10,0,600,0,5400,600,0.0,,0.0,0.1
sst2,scpn,6000,0.0,43,full,PD_KL,,,1,0,60,0,5940,60,0.0,,0.0,0.01
sst2,scpn,6000,0.0,43,full,PD_KL,,,3,0,180,0,5820,180,0.0,,0.0,0.03
sst2,scpn,6000,0.0,43,full,PD_KL,,,5,0,300,0,5700,300,0.0,,0.0,0.05
sst2,scpn,6000,0.0,43,full,PD_KL,,,10,0,600,0,5400,600,0.0,,0.0,0.1
sst2,scpn,6000,0.0,43,full,PD_label_KL,,,1,0,60,0,5940,60,0.0,,0.0,0.01
sst2,scpn,6000,0.0,43,full,PD_label_KL,,,3,0,180,0,5820,180,0.0,,0.0,0.03
sst2,scpn,6000,0.0,43,full,PD_label_KL,,,5,0,300,0,5700,300,0.0,,0.0,0.05
sst2,scpn,6000,0.0,43,full,PD_label_KL,,,10,0,600,0,5400,600,0.0,,0.0,0.1
sst2,scpn,6000,0.0,43,full,PD_observed,,,1,0,60,0,5940,60,0.0,,0.0,0.01
sst2,scpn,6000,0.0,43,full,PD_observed,,,3,0,180,0,5820,180,0.0,,0.0,0.03
sst2,scpn,6000,0.0,43,full,PD_observed,,,5,0,300,0,5700,300,0.0,,0.0,0.05
sst2,scpn,6000,0.0,43,full,PD_observed,,,10,0,600,0,5400,600,0.0,,0.0,0.1
sst2,scpn,6000,0.0,43,full,PD_max_abs,,,1,0,60,0,5940,60,0.0,,0.0,0.01
sst2,scpn,6000,0.0,43,full,PD_max_abs,,,3,0,180,0,5820,180,0.0,,0.0,0.03
sst2,scpn,6000,0.0,43,full,PD_max_abs,,,5,0,300,0,5700,300,0.0,,0.0,0.05
sst2,scpn,6000,0.0,43,full,PD_max_abs,,,10,0,600,0,5400,600,0.0,,0.0,0.1
sst2,scpn,6000,0.0,43,full,PD_positive_oracle,,,1,0,60,0,5940,60,0.0,,0.0,0.01
sst2,scpn,6000,0.0,43,full,PD_positive_oracle,,,3,0,180,0,5820,180,0.0,,0.0,0.03
sst2,scpn,6000,0.0,43,full,PD_positive_oracle,,,5,0,300,0,5700,300,0.0,,0.0,0.05
sst2,scpn,6000,0.0,43,full,PD_positive_oracle,,,10,0,600,0,5400,600,0.0,,0.0,0.1
sst2,scpn,6000,0.0,43,full,base_label_NLL,,,1,0,60,0,5940,60,0.0,,0.0,0.01
sst2,scpn,6000,0.0,43,full,base_label_NLL,,,3,0,180,0,5820,180,0.0,,0.0,0.03
sst2,scpn,6000,0.0,43,full,base_label_NLL,,,5,0,300,0,5700,300,0.0,,0.0,0.05
sst2,scpn,6000,0.0,43,full,base_label_NLL,,,10,0,600,0,5400,600,0.0,,0.0,0.1
sst2,scpn,6000,0.0,43,full,adapted_label_NLL,,,1,0,60,0,5940,60,0.0,,0.0,0.01
sst2,scpn,6000,0.0,43,full,adapted_label_NLL,,,3,0,180,0,5820,180,0.0,,0.0,0.03
sst2,scpn,6000,0.0,43,full,adapted_label_NLL,,,5,0,300,0,5700,300,0.0,,0.0,0.05
sst2,scpn,6000,0.0,43,full,adapted_label_NLL,,,10,0,600,0,5400,600,0.0,,0.0,0.1
sst2,scpn,6000,0.0,43,full,ZScore_token,,,1,0,60,0,5940,60,0.0,,0.0,0.01
sst2,scpn,6000,0.0,43,full,ZScore_token,,,3,0,180,0,5820,180,0.0,,0.0,0.03
sst2,scpn,6000,0.0,43,full,ZScore_token,,,5,0,300,0,5700,300,0.0,,0.0,0.05
sst2,scpn,6000,0.0,43,full,ZScore_token,,,10,0,600,0,5400,600,0.0,,0.0,0.1
sst2,scpn,6000,0.0,43,full,ZScore_released_unigram,,,1,0,60,0,5940,60,0.0,,0.0,0.01
sst2,scpn,6000,0.0,43,full,ZScore_released_unigram,,,3,0,180,0,5820,180,0.0,,0.0,0.03
sst2,scpn,6000,0.0,43,full,ZScore_released_unigram,,,5,0,300,0,5700,300,0.0,,0.0,0.05
sst2,scpn,6000,0.0,43,full,ZScore_released_unigram,,,10,0,600,0,5400,600,0.0,,0.0,0.1
sst2,scpn,6000,0.0,43,lora,PD_KL,,,1,0,60,0,5940,60,0.0,,0.0,0.01
sst2,scpn,6000,0.0,43,lora,PD_KL,,,3,0,180,0,5820,180,0.0,,0.0,0.03
sst2,scpn,6000,0.0,43,lora,PD_KL,,,5,0,300,0,5700,300,0.0,,0.0,0.05
sst2,scpn,6000,0.0,43,lora,PD_KL,,,10,0,600,0,5400,600,0.0,,0.0,0.1
sst2,scpn,6000,0.0,43,lora,PD_label_KL,,,1,0,60,0,5940,60,0.0,,0.0,0.01
sst2,scpn,6000,0.0,43,lora,PD_label_KL,,,3,0,180,0,5820,180,0.0,,0.0,0.03
sst2,scpn,6000,0.0,43,lora,PD_label_KL,,,5,0,300,0,5700,300,0.0,,0.0,0.05
sst2,scpn,6000,0.0,43,lora,PD_label_KL,,,10,0,600,0,5400,600,0.0,,0.0,0.1
sst2,scpn,6000,0.0,43,lora,PD_observed,,,1,0,60,0,5940,60,0.0,,0.0,0.01
sst2,scpn,6000,0.0,43,lora,PD_observed,,,3,0,180,0,5820,180,0.0,,0.0,0.03
sst2,scpn,6000,0.0,43,lora,PD_observed,,,5,0,300,0,5700,300,0.0,,0.0,0.05
sst2,scpn,6000,0.0,43,lora,PD_observed,,,10,0,600,0,5400,600,0.0,,0.0,0.1
sst2,scpn,6000,0.0,43,lora,PD_max_abs,,,1,0,60,0,5940,60,0.0,,0.0,0.01
sst2,scpn,6000,0.0,43,lora,PD_max_abs,,,3,0,180,0,5820,180,0.0,,0.0,0.03
sst2,scpn,6000,0.0,43,lora,PD_max_abs,,,5,0,300,0,5700,300,0.0,,0.0,0.05
sst2,scpn,6000,0.0,43,lora,PD_max_abs,,,10,0,600,0,5400,600,0.0,,0.0,0.1
sst2,scpn,6000,0.0,43,lora,PD_positive_oracle,,,1,0,60,0,5940,60,0.0,,0.0,0.01
sst2,scpn,6000,0.0,43,lora,PD_positive_oracle,,,3,0,180,0,5820,180,0.0,,0.0,0.03
sst2,scpn,6000,0.0,43,lora,PD_positive_oracle,,,5,0,300,0,5700,300,0.0,,0.0,0.05
sst2,scpn,6000,0.0,43,lora,PD_positive_oracle,,,10,0,600,0,5400,600,0.0,,0.0,0.1
sst2,scpn,6000,0.0,43,lora,base_label_NLL,,,1,0,60,0,5940,60,0.0,,0.0,0.01
sst2,scpn,6000,0.0,43,lora,base_label_NLL,,,3,0,180,0,5820,180,0.0,,0.0,0.03
sst2,scpn,6000,0.0,43,lora,base_label_NLL,,,5,0,300,0,5700,300,0.0,,0.0,0.05
sst2,scpn,6000,0.0,43,lora,base_label_NLL,,,10,0,600,0,5400,600,0.0,,0.0,0.1
sst2,scpn,6000,0.0,43,lora,adapted_label_NLL,,,1,0,60,0,5940,60,0.0,,0.0,0.01
sst2,scpn,6000,0.0,43,lora,adapted_label_NLL,,,3,0,180,0,5820,180,0.0,,0.0,0.03
sst2,scpn,6000,0.0,43,lora,adapted_label_NLL,,,5,0,300,0,5700,300,0.0,,0.0,0.05
sst2,scpn,6000,0.0,43,lora,adapted_label_NLL,,,10,0,600,0,5400,600,0.0,,0.0,0.1
sst2,scpn,6000,0.0,43,lora,ZScore_token,,,1,0,60,0,5940,60,0.0,,0.0,0.01
sst2,scpn,6000,0.0,43,lora,ZScore_token,,,3,0,180,0,5820,180,0.0,,0.0,0.03
sst2,scpn,6000,0.0,43,lora,ZScore_token,,,5,0,300,0,5700,300,0.0,,0.0,0.05
sst2,scpn,6000,0.0,43,lora,ZScore_token,,,10,0,600,0,5400,600,0.0,,0.0,0.1
sst2,scpn,6000,0.0,43,lora,ZScore_released_unigram,,,1,0,60,0,5940,60,0.0,,0.0,0.01
sst2,scpn,6000,0.0,43,lora,ZScore_released_unigram,,,3,0,180,0,5820,180,0.0,,0.0,0.03
sst2,scpn,6000,0.0,43,lora,ZScore_released_unigram,,,5,0,300,0,5700,300,0.0,,0.0,0.05
sst2,scpn,6000,0.0,43,lora,ZScore_released_unigram,,,10,0,600,0,5400,600,0.0,,0.0,0.1
sst2,scpn,6000,0.0,44,full,PD_KL,,,1,0,60,0,5940,60,0.0,,0.0,0.01
sst2,scpn,6000,0.0,44,full,PD_KL,,,3,0,180,0,5820,180,0.0,,0.0,0.03
sst2,scpn,6000,0.0,44,full,PD_KL,,,5,0,300,0,5700,300,0.0,,0.0,0.05
sst2,scpn,6000,0.0,44,full,PD_KL,,,10,0,600,0,5400,600,0.0,,0.0,0.1
sst2,scpn,6000,0.0,44,full,PD_label_KL,,,1,0,60,0,5940,60,0.0,,0.0,0.01
sst2,scpn,6000,0.0,44,full,PD_label_KL,,,3,0,180,0,5820,180,0.0,,0.0,0.03
sst2,scpn,6000,0.0,44,full,PD_label_KL,,,5,0,300,0,5700,300,0.0,,0.0,0.05
sst2,scpn,6000,0.0,44,full,PD_label_KL,,,10,0,600,0,5400,600,0.0,,0.0,0.1
sst2,scpn,6000,0.0,44,full,PD_observed,,,1,0,60,0,5940,60,0.0,,0.0,0.01
sst2,scpn,6000,0.0,44,full,PD_observed,,,3,0,180,0,5820,180,0.0,,0.0,0.03
sst2,scpn,6000,0.0,44,full,PD_observed,,,5,0,300,0,5700,300,0.0,,0.0,0.05
sst2,scpn,6000,0.0,44,full,PD_observed,,,10,0,600,0,5400,600,0.0,,0.0,0.1
sst2,scpn,6000,0.0,44,full,PD_max_abs,,,1,0,60,0,5940,60,0.0,,0.0,0.01
sst2,scpn,6000,0.0,44,full,PD_max_abs,,,3,0,180,0,5820,180,0.0,,0.0,0.03
sst2,scpn,6000,0.0,44,full,PD_max_abs,,,5,0,300,0,5700,300,0.0,,0.0,0.05
sst2,scpn,6000,0.0,44,full,PD_max_abs,,,10,0,600,0,5400,600,0.0,,0.0,0.1
sst2,scpn,6000,0.0,44,full,PD_positive_oracle,,,1,0,60,0,5940,60,0.0,,0.0,0.01
sst2,scpn,6000,0.0,44,full,PD_positive_oracle,,,3,0,180,0,5820,180,0.0,,0.0,0.03
sst2,scpn,6000,0.0,44,full,PD_positive_oracle,,,5,0,300,0,5700,300,0.0,,0.0,0.05
sst2,scpn,6000,0.0,44,full,PD_positive_oracle,,,10,0,600,0,5400,600,0.0,,0.0,0.1
sst2,scpn,6000,0.0,44,full,base_label_NLL,,,1,0,60,0,5940,60,0.0,,0.0,0.01
sst2,scpn,6000,0.0,44,full,base_label_NLL,,,3,0,180,0,5820,180,0.0,,0.0,0.03
sst2,scpn,6000,0.0,44,full,base_label_NLL,,,5,0,300,0,5700,300,0.0,,0.0,0.05
sst2,scpn,6000,0.0,44,full,base_label_NLL,,,10,0,600,0,5400,600,0.0,,0.0,0.1
sst2,scpn,6000,0.0,44,full,adapted_label_NLL,,,1,0,60,0,5940,60,0.0,,0.0,0.01
sst2,scpn,6000,0.0,44,full,adapted_label_NLL,,,3,0,180,0,5820,180,0.0,,0.0,0.03
sst2,scpn,6000,0.0,44,full,adapted_label_NLL,,,5,0,300,0,5700,300,0.0,,0.0,0.05
sst2,scpn,6000,0.0,44,full,adapted_label_NLL,,,10,0,600,0,5400,600,0.0,,0.0,0.1
sst2,scpn,6000,0.0,44,full,ZScore_token,,,1,0,60,0,5940,60,0.0,,0.0,0.01
sst2,scpn,6000,0.0,44,full,ZScore_token,,,3,0,180,0,5820,180,0.0,,0.0,0.03
sst2,scpn,6000,0.0,44,full,ZScore_token,,,5,0,300,0,5700,300,0.0,,0.0,0.05
sst2,scpn,6000,0.0,44,full,ZScore_token,,,10,0,600,0,5400,600,0.0,,0.0,0.1
sst2,scpn,6000,0.0,44,full,ZScore_released_unigram,,,1,0,60,0,5940,60,0.0,,0.0,0.01
sst2,scpn,6000,0.0,44,full,ZScore_released_unigram,,,3,0,180,0,5820,180,0.0,,0.0,0.03
sst2,scpn,6000,0.0,44,full,ZScore_released_unigram,,,5,0,300,0,5700,300,0.0,,0.0,0.05
sst2,scpn,6000,0.0,44,full,ZScore_released_unigram,,,10,0,600,0,5400,600,0.0,,0.0,0.1
sst2,scpn,6000,0.0,44,lora,PD_KL,,,1,0,60,0,5940,60,0.0,,0.0,0.01
sst2,scpn,6000,0.0,44,lora,PD_KL,,,3,0,180,0,5820,180,0.0,,0.0,0.03
sst2,scpn,6000,0.0,44,lora,PD_KL,,,5,0,300,0,5700,300,0.0,,0.0,0.05
sst2,scpn,6000,0.0,44,lora,PD_KL,,,10,0,600,0,5400,600,0.0,,0.0,0.1
sst2,scpn,6000,0.0,44,lora,PD_label_KL,,,1,0,60,0,5940,60,0.0,,0.0,0.01
sst2,scpn,6000,0.0,44,lora,PD_label_KL,,,3,0,180,0,5820,180,0.0,,0.0,0.03
sst2,scpn,6000,0.0,44,lora,PD_label_KL,,,5,0,300,0,5700,300,0.0,,0.0,0.05
sst2,scpn,6000,0.0,44,lora,PD_label_KL,,,10,0,600,0,5400,600,0.0,,0.0,0.1
sst2,scpn,6000,0.0,44,lora,PD_observed,,,1,0,60,0,5940,60,0.0,,0.0,0.01
sst2,scpn,6000,0.0,44,lora,PD_observed,,,3,0,180,0,5820,180,0.0,,0.0,0.03
sst2,scpn,6000,0.0,44,lora,PD_observed,,,5,0,300,0,5700,300,0.0,,0.0,0.05
sst2,scpn,6000,0.0,44,lora,PD_observed,,,10,0,600,0,5400,600,0.0,,0.0,0.1
sst2,scpn,6000,0.0,44,lora,PD_max_abs,,,1,0,60,0,5940,60,0.0,,0.0,0.01
sst2,scpn,6000,0.0,44,lora,PD_max_abs,,,3,0,180,0,5820,180,0.0,,0.0,0.03
sst2,scpn,6000,0.0,44,lora,PD_max_abs,,,5,0,300,0,5700,300,0.0,,0.0,0.05
sst2,scpn,6000,0.0,44,lora,PD_max_abs,,,10,0,600,0,5400,600,0.0,,0.0,0.1
sst2,scpn,6000,0.0,44,lora,PD_positive_oracle,,,1,0,60,0,5940,60,0.0,,0.0,0.01
sst2,scpn,6000,0.0,44,lora,PD_positive_oracle,,,3,0,180,0,5820,180,0.0,,0.0,0.03
sst2,scpn,6000,0.0,44,lora,PD_positive_oracle,,,5,0,300,0,5700,300,0.0,,0.0,0.05
sst2,scpn,6000,0.0,44,lora,PD_positive_oracle,,,10,0,600,0,5400,600,0.0,,0.0,0.1
sst2,scpn,6000,0.0,44,lora,base_label_NLL,,,1,0,60,0,5940,60,0.0,,0.0,0.01
sst2,scpn,6000,0.0,44,lora,base_label_NLL,,,3,0,180,0,5820,180,0.0,,0.0,0.03
sst2,scpn,6000,0.0,44,lora,base_label_NLL,,,5,0,300,0,5700,300,0.0,,0.0,0.05
sst2,scpn,6000,0.0,44,lora,base_label_NLL,,,10,0,600,0,5400,600,0.0,,0.0,0.1
sst2,scpn,6000,0.0,44,lora,adapted_label_NLL,,,1,0,60,0,5940,60,0.0,,0.0,0.01
sst2,scpn,6000,0.0,44,lora,adapted_label_NLL,,,3,0,180,0,5820,180,0.0,,0.0,0.03
sst2,scpn,6000,0.0,44,lora,adapted_label_NLL,,,5,0,300,0,5700,300,0.0,,0.0,0.05
sst2,scpn,6000,0.0,44,lora,adapted_label_NLL,,,10,0,600,0,5400,600,0.0,,0.0,0.1
sst2,scpn,6000,0.0,44,lora,ZScore_token,,,1,0,60,0,5940,60,0.0,,0.0,0.01
sst2,scpn,6000,0.0,44,lora,ZScore_token,,,3,0,180,0,5820,180,0.0,,0.0,0.03
sst2,scpn,6000,0.0,44,lora,ZScore_token,,,5,0,300,0,5700,300,0.0,,0.0,0.05
sst2,scpn,6000,0.0,44,lora,ZScore_token,,,10,0,600,0,5400,600,0.0,,0.0,0.1
sst2,scpn,6000,0.0,44,lora,ZScore_released_unigram,,,1,0,60,0,5940,60,0.0,,0.0,0.01
sst2,scpn,6000,0.0,44,lora,ZScore_released_unigram,,,3,0,180,0,5820,180,0.0,,0.0,0.03
sst2,scpn,6000,0.0,44,lora,ZScore_released_unigram,,,5,0,300,0,5700,300,0.0,,0.0,0.05
sst2,scpn,6000,0.0,44,lora,ZScore_released_unigram,,,10,0,600,0,5400,600,0.0,,0.0,0.1
